trial	params_json	primary_metric	wall_seconds	status	error
1	{"replicate":0}	-0.001019	85.708	ok	
2	{"replicate":1}	-0.001936	0.002	ok	
3	{"replicate":2}	-0.001395	0.002	ok	
4	{"replicate":3}	-0.002274	0.002	ok	
5	{"replicate":4}	-0.001002	0.002	ok	
6	{"replicate":5}	-0.000501	0.002	ok	
7	{"replicate":6}	-0.002368	0.002	ok	
8	{"replicate":7}	-0.001554	0.002	ok	
9	{"replicate":8}	-0.001546	0.002	ok	
10	{"replicate":9}	0.000032	0.002	ok	
11	{"replicate":10}	-0.000329	0.002	ok	
12	{"replicate":11}	-0.002831	0.002	ok	
13	{"replicate":12}	-0.002495	0.002	ok	
14	{"replicate":13}	-0.003320	0.002	ok	
15	{"replicate":14}	-0.002625	0.002	ok	
16	{"replicate":15}	-0.003685	0.002	ok	
17	{"replicate":16}	-0.002605	0.002	ok	
18	{"replicate":17}	-0.003952	0.002	ok	
19	{"replicate":18}	0.000361	0.002	ok	
20	{"replicate":19}	-0.002600	0.002	ok	
21	{"replicate":20}	-0.000783	0.002	ok	
22	{"replicate":21}	-0.001711	0.002	ok	
23	{"replicate":22}	-0.003073	0.002	ok	
24	{"replicate":23}	-0.001261	0.002	ok	
25	{"replicate":24}	0.000729	0.002	ok	
26	{"replicate":25}	-0.002124	0.002	ok	
27	{"replicate":26}	-0.002761	0.002	ok	
28	{"replicate":27}	-0.001438	0.002	ok	
29	{"replicate":28}	-0.003409	0.002	ok	
30	{"replicate":29}	-0.002771	0.002	ok	
31	{"replicate":30}	-0.001193	0.002	ok	
32	{"replicate":31}	0.000259	0.002	ok	
33	{"replicate":32}	-0.002769	0.002	ok	
34	{"replicate":33}	-0.003056	0.002	ok	
35	{"replicate":34}	-0.002668	0.002	ok	
36	{"replicate":35}	-0.000029	0.002	ok	
37	{"replicate":36}	-0.001494	0.002	ok	
38	{"replicate":37}	-0.001116	0.002	ok	
39	{"replicate":38}	0.001115	0.002	ok	
40	{"replicate":39}	-0.001199	0.002	ok	
41	{"replicate":40}	0.001197	0.002	ok	
42	{"replicate":41}	-0.001335	0.002	ok	
43	{"replicate":42}	-0.002986	0.002	ok	
44	{"replicate":43}	0.000041	0.002	ok	
45	{"replicate":44}	-0.001971	0.002	ok	
46	{"replicate":45}	-0.000961	0.002	ok	
47	{"replicate":46}	-0.002894	0.002	ok	
48	{"replicate":47}	-0.000941	0.002	ok	
49	{"replicate":48}	0.000116	0.002	ok	
50	{"replicate":49}	-0.001551	0.002	ok	
51	{"replicate":50}	-0.001198	0.002	ok	
52	{"replicate":51}	-0.002827	0.002	ok	
53	{"replicate":52}	-0.001460	0.002	ok	
54	{"replicate":53}	-0.000660	0.002	ok	
55	{"replicate":54}	-0.000745	0.002	ok	
56	{"replicate":55}	-0.002321	0.002	ok	
57	{"replicate":56}	-0.000595	0.002	ok	
58	{"replicate":57}	-0.002634	0.002	ok	
59	{"replicate":58}	-0.002519	0.002	ok	
60	{"replicate":59}	-0.001916	0.002	ok	
61	{"replicate":60}	-0.000055	0.002	ok	
62	{"replicate":61}	-0.001025	0.002	ok	
63	{"replicate":62}	-0.000335	0.002	ok	
64	{"replicate":63}	-0.001889	0.002	ok	
65	{"replicate":64}	-0.000178	0.002	ok	
66	{"replicate":65}	-0.000522	0.002	ok	
67	{"replicate":66}	0.000383	0.002	ok	
68	{"replicate":67}	0.000199	0.002	ok	
69	{"replicate":68}	-0.000244	0.002	ok	
70	{"replicate":69}	-0.002794	0.002	ok	
71	{"replicate":70}	-0.003409	0.002	ok	
72	{"replicate":71}	-0.000816	0.002	ok	
73	{"replicate":72}	-0.002602	0.002	ok	
74	{"replicate":73}	-0.001052	0.002	ok	
75	{"replicate":74}	-0.001372	0.002	ok	
76	{"replicate":75}	-0.001220	0.002	ok	
77	{"replicate":76}	-0.003074	0.002	ok	
78	{"replicate":77}	-0.001815	0.002	ok	
79	{"replicate":78}	-0.001400	0.002	ok	
80	{"replicate":79}	-0.000769	0.002	ok	
81	{"replicate":80}	-0.001413	0.002	ok	
82	{"replicate":81}	-0.003420	0.002	ok	
83	{"replicate":82}	-0.000980	0.002	ok	
84	{"replicate":83}	-0.001362	0.002	ok	
85	{"replicate":84}	-0.001906	0.002	ok	
86	{"replicate":85}	0.000090	0.002	ok	
87	{"replicate":86}	-0.002282	0.002	ok	
88	{"replicate":87}	-0.003129	0.002	ok	
89	{"replicate":88}	-0.002856	0.002	ok	
90	{"replicate":89}	-0.000527	0.002	ok	
91	{"replicate":90}	-0.000982	0.002	ok	
92	{"replicate":91}	-0.000331	0.002	ok	
93	{"replicate":92}	-0.001317	0.002	ok	
94	{"replicate":93}	-0.000712	0.002	ok	
95	{"replicate":94}	-0.001031	0.002	ok	
96	{"replicate":95}	0.001101	0.002	ok	
97	{"replicate":96}	-0.000605	0.002	ok	
98	{"replicate":97}	-0.000098	0.002	ok	
99	{"replicate":98}	-0.003510	0.002	ok	
100	{"replicate":99}	-0.000198	0.002	ok	
101	{"replicate":100}	-0.002841	0.002	ok	
102	{"replicate":101}	-0.004141	0.002	ok	
103	{"replicate":102}	-0.000231	0.002	ok	
104	{"replicate":103}	-0.002009	0.002	ok	
105	{"replicate":104}	-0.001415	0.002	ok	
106	{"replicate":105}	0.000847	0.002	ok	
107	{"replicate":106}	-0.004193	0.002	ok	
108	{"replicate":107}	-0.002101	0.002	ok	
109	{"replicate":108}	-0.000900	0.002	ok	
110	{"replicate":109}	0.000550	0.002	ok	
111	{"replicate":110}	-0.001130	0.002	ok	
112	{"replicate":111}	-0.000594	0.002	ok	
113	{"replicate":112}	-0.001678	0.002	ok	
114	{"replicate":113}	-0.002193	0.002	ok	
115	{"replicate":114}	-0.002838	0.002	ok	
116	{"replicate":115}	-0.003350	0.002	ok	
117	{"replicate":116}	-0.001979	0.002	ok	
118	{"replicate":117}	-0.000537	0.002	ok	
119	{"replicate":118}	0.000554	0.002	ok	
120	{"replicate":119}	-0.002478	0.002	ok	
121	{"replicate":120}	-0.002417	0.002	ok	
122	{"replicate":121}	-0.002211	0.002	ok	
123	{"replicate":122}	-0.001989	0.002	ok	
124	{"replicate":123}	-0.001672	0.002	ok	
125	{"replicate":124}	-0.001681	0.002	ok	
126	{"replicate":125}	-0.003159	0.002	ok	
127	{"replicate":126}	-0.000169	0.002	ok	
128	{"replicate":127}	-0.000532	0.002	ok	
129	{"replicate":128}	-0.001009	0.002	ok	
130	{"replicate":129}	-0.000555	0.002	ok	
131	{"replicate":130}	-0.000925	0.002	ok	
132	{"replicate":131}	-0.002334	0.002	ok	
133	{"replicate":132}	-0.002931	0.002	ok	
134	{"replicate":133}	-0.003722	0.002	ok	
135	{"replicate":134}	-0.002214	0.002	ok	
136	{"replicate":135}	-0.001680	0.002	ok	
137	{"replicate":136}	-0.001944	0.002	ok	
138	{"replicate":137}	-0.002099	0.002	ok	
139	{"replicate":138}	-0.000699	0.002	ok	
140	{"replicate":139}	-0.001315	0.002	ok	
141	{"replicate":140}	-0.001960	0.002	ok	
142	{"replicate":141}	-0.000586	0.002	ok	
143	{"replicate":142}	-0.002276	0.002	ok	
144	{"replicate":143}	-0.002273	0.002	ok	
145	{"replicate":144}	-0.000473	0.002	ok	
146	{"replicate":145}	0.000244	0.002	ok	
147	{"replicate":146}	-0.000494	0.002	ok	
148	{"replicate":147}	-0.000561	0.002	ok	
149	{"replicate":148}	-0.002952	0.002	ok	
150	{"replicate":149}	-0.000125	0.002	ok	
151	{"replicate":150}	-0.002899	0.002	ok	
152	{"replicate":151}	-0.001728	0.002	ok	
153	{"replicate":152}	-0.000068	0.002	ok	
154	{"replicate":153}	-0.001006	0.002	ok	
155	{"replicate":154}	-0.002761	0.002	ok	
156	{"replicate":155}	-0.004364	0.002	ok	
157	{"replicate":156}	-0.003202	0.002	ok	
158	{"replicate":157}	-0.000312	0.002	ok	
159	{"replicate":158}	-0.001164	0.002	ok	
160	{"replicate":159}	-0.002237	0.002	ok	
161	{"replicate":160}	-0.002807	0.002	ok	
162	{"replicate":161}	-0.001231	0.002	ok	
163	{"replicate":162}	-0.002317	0.002	ok	
164	{"replicate":163}	-0.001691	0.002	ok	
165	{"replicate":164}	-0.000654	0.002	ok	
166	{"replicate":165}	-0.002716	0.002	ok	
167	{"replicate":166}	-0.004610	0.002	ok	
168	{"replicate":167}	-0.001454	0.002	ok	
169	{"replicate":168}	-0.001373	0.002	ok	
170	{"replicate":169}	-0.002009	0.002	ok	
171	{"replicate":170}	-0.001352	0.002	ok	
172	{"replicate":171}	-0.001197	0.002	ok	
173	{"replicate":172}	-0.003935	0.002	ok	
174	{"replicate":173}	-0.002627	0.002	ok	
175	{"replicate":174}	-0.000165	0.002	ok	
176	{"replicate":175}	-0.002151	0.002	ok	
177	{"replicate":176}	-0.002293	0.002	ok	
178	{"replicate":177}	-0.002730	0.002	ok	
179	{"replicate":178}	0.000305	0.002	ok	
180	{"replicate":179}	-0.000942	0.002	ok	
181	{"replicate":180}	0.000046	0.002	ok	
182	{"replicate":181}	-0.002346	0.002	ok	
183	{"replicate":182}	-0.000293	0.002	ok	
184	{"replicate":183}	0.000341	0.002	ok	
185	{"replicate":184}	-0.001965	0.002	ok	
186	{"replicate":185}	-0.000032	0.002	ok	
187	{"replicate":186}	-0.000545	0.002	ok	
188	{"replicate":187}	-0.003796	0.002	ok	
189	{"replicate":188}	-0.002909	0.002	ok	
190	{"replicate":189}	-0.000253	0.002	ok	
191	{"replicate":190}	-0.001698	0.002	ok	
192	{"replicate":191}	-0.001142	0.002	ok	
193	{"replicate":192}	-0.003383	0.002	ok	
194	{"replicate":193}	-0.002594	0.002	ok	
195	{"replicate":194}	-0.002203	0.002	ok	
196	{"replicate":195}	-0.001963	0.002	ok	
197	{"replicate":196}	0.000242	0.002	ok	
198	{"replicate":197}	-0.002721	0.002	ok	
199	{"replicate":198}	-0.001961	0.002	ok	
200	{"replicate":199}	-0.000962	0.002	ok	
201	{"replicate":200}	-0.002557	0.002	ok	
202	{"replicate":201}	-0.000488	0.002	ok	
203	{"replicate":202}	-0.002054	0.002	ok	
204	{"replicate":203}	0.000177	0.002	ok	
205	{"replicate":204}	-0.004376	0.002	ok	
206	{"replicate":205}	-0.002649	0.002	ok	
207	{"replicate":206}	-0.000921	0.002	ok	
208	{"replicate":207}	-0.003054	0.002	ok	
209	{"replicate":208}	-0.003116	0.002	ok	
210	{"replicate":209}	-0.000779	0.002	ok	
211	{"replicate":210}	-0.001939	0.002	ok	
212	{"replicate":211}	-0.002324	0.002	ok	
213	{"replicate":212}	0.000908	0.002	ok	
214	{"replicate":213}	-0.003781	0.002	ok	
215	{"replicate":214}	-0.001339	0.002	ok	
216	{"replicate":215}	-0.003034	0.002	ok	
217	{"replicate":216}	0.000579	0.002	ok	
218	{"replicate":217}	-0.003453	0.002	ok	
219	{"replicate":218}	-0.001502	0.002	ok	
220	{"replicate":219}	-0.001305	0.002	ok	
221	{"replicate":220}	-0.000221	0.002	ok	
222	{"replicate":221}	-0.002098	0.002	ok	
223	{"replicate":222}	-0.000470	0.002	ok	
224	{"replicate":223}	-0.000179	0.002	ok	
225	{"replicate":224}	-0.002362	0.002	ok	
226	{"replicate":225}	-0.003418	0.002	ok	
227	{"replicate":226}	-0.001913	0.002	ok	
228	{"replicate":227}	-0.001405	0.002	ok	
229	{"replicate":228}	-0.002278	0.002	ok	
230	{"replicate":229}	-0.002276	0.002	ok	
231	{"replicate":230}	-0.004761	0.002	ok	
232	{"replicate":231}	-0.000283	0.002	ok	
233	{"replicate":232}	-0.003048	0.002	ok	
234	{"replicate":233}	-0.002319	0.002	ok	
235	{"replicate":234}	-0.002458	0.002	ok	
236	{"replicate":235}	-0.001392	0.002	ok	
237	{"replicate":236}	-0.001384	0.002	ok	
238	{"replicate":237}	-0.000451	0.002	ok	
239	{"replicate":238}	-0.000801	0.002	ok	
240	{"replicate":239}	0.002101	0.002	ok	
241	{"replicate":240}	-0.001214	0.002	ok	
242	{"replicate":241}	-0.001234	0.002	ok	
243	{"replicate":242}	0.001003	0.002	ok	
244	{"replicate":243}	-0.000918	0.002	ok	
245	{"replicate":244}	-0.002048	0.002	ok	
246	{"replicate":245}	-0.001435	0.002	ok	
247	{"replicate":246}	-0.000651	0.002	ok	
248	{"replicate":247}	-0.000941	0.002	ok	
249	{"replicate":248}	-0.000177	0.002	ok	
250	{"replicate":249}	-0.000049	0.002	ok	
251	{"replicate":250}	-0.001963	0.002	ok	
252	{"replicate":251}	-0.001265	0.002	ok	
253	{"replicate":252}	-0.001561	0.002	ok	
254	{"replicate":253}	-0.000687	0.002	ok	
255	{"replicate":254}	-0.003378	0.002	ok	
256	{"replicate":255}	0.001292	0.002	ok	
257	{"replicate":256}	-0.001361	0.002	ok	
258	{"replicate":257}	0.000377	0.002	ok	
259	{"replicate":258}	0.002227	0.002	ok	
260	{"replicate":259}	0.000308	0.002	ok	
261	{"replicate":260}	-0.001552	0.002	ok	
262	{"replicate":261}	-0.002674	0.002	ok	
263	{"replicate":262}	-0.002737	0.002	ok	
264	{"replicate":263}	-0.002338	0.002	ok	
265	{"replicate":264}	-0.003936	0.002	ok	
266	{"replicate":265}	-0.003289	0.002	ok	
267	{"replicate":266}	-0.003439	0.002	ok	
268	{"replicate":267}	-0.003361	0.002	ok	
269	{"replicate":268}	-0.002264	0.002	ok	
270	{"replicate":269}	-0.002854	0.002	ok	
271	{"replicate":270}	0.003136	0.002	ok	
272	{"replicate":271}	-0.002492	0.002	ok	
273	{"replicate":272}	-0.001077	0.002	ok	
274	{"replicate":273}	-0.003096	0.002	ok	
275	{"replicate":274}	-0.000854	0.002	ok	
276	{"replicate":275}	-0.002595	0.002	ok	
277	{"replicate":276}	0.000158	0.002	ok	
278	{"replicate":277}	-0.002572	0.002	ok	
279	{"replicate":278}	-0.003204	0.002	ok	
280	{"replicate":279}	-0.000356	0.002	ok	
281	{"replicate":280}	-0.003332	0.002	ok	
282	{"replicate":281}	-0.002318	0.002	ok	
283	{"replicate":282}	-0.003784	0.002	ok	
284	{"replicate":283}	-0.003532	0.002	ok	
285	{"replicate":284}	-0.000409	0.002	ok	
286	{"replicate":285}	-0.002410	0.002	ok	
287	{"replicate":286}	-0.000756	0.002	ok	
288	{"replicate":287}	-0.000342	0.002	ok	
289	{"replicate":288}	-0.001908	0.002	ok	
290	{"replicate":289}	-0.002013	0.002	ok	
291	{"replicate":290}	-0.000807	0.002	ok	
292	{"replicate":291}	-0.002700	0.002	ok	
293	{"replicate":292}	0.000223	0.002	ok	
294	{"replicate":293}	-0.000944	0.002	ok	
295	{"replicate":294}	-0.002932	0.002	ok	
296	{"replicate":295}	-0.001158	0.002	ok	
297	{"replicate":296}	-0.002240	0.002	ok	
298	{"replicate":297}	0.000844	0.002	ok	
299	{"replicate":298}	-0.001118	0.002	ok	
300	{"replicate":299}	-0.003262	0.002	ok	
301	{"replicate":300}	-0.002104	0.002	ok	
302	{"replicate":301}	-0.000310	0.002	ok	
303	{"replicate":302}	-0.000210	0.002	ok	
304	{"replicate":303}	-0.001659	0.002	ok	
305	{"replicate":304}	-0.001686	0.002	ok	
306	{"replicate":305}	-0.000378	0.002	ok	
307	{"replicate":306}	-0.001832	0.002	ok	
308	{"replicate":307}	-0.002934	0.002	ok	
309	{"replicate":308}	-0.001480	0.002	ok	
310	{"replicate":309}	-0.000899	0.002	ok	
311	{"replicate":310}	-0.001770	0.002	ok	
312	{"replicate":311}	-0.002274	0.002	ok	
313	{"replicate":312}	-0.002456	0.002	ok	
314	{"replicate":313}	-0.000390	0.002	ok	
315	{"replicate":314}	-0.002286	0.002	ok	
316	{"replicate":315}	-0.001707	0.002	ok	
317	{"replicate":316}	-0.001089	0.002	ok	
318	{"replicate":317}	-0.002861	0.002	ok	
319	{"replicate":318}	-0.002408	0.002	ok	
320	{"replicate":319}	-0.001455	0.002	ok	
321	{"replicate":320}	-0.003754	0.002	ok	
322	{"replicate":321}	-0.001907	0.002	ok	
323	{"replicate":322}	-0.003331	0.002	ok	
324	{"replicate":323}	-0.002995	0.002	ok	
325	{"replicate":324}	-0.000760	0.002	ok	
326	{"replicate":325}	-0.001315	0.002	ok	
327	{"replicate":326}	-0.003372	0.002	ok	
328	{"replicate":327}	-0.001987	0.002	ok	
329	{"replicate":328}	-0.001135	0.002	ok	
330	{"replicate":329}	-0.003402	0.002	ok	
331	{"replicate":330}	-0.000189	0.002	ok	
332	{"replicate":331}	-0.001691	0.002	ok	
333	{"replicate":332}	-0.001143	0.002	ok	
334	{"replicate":333}	-0.001415	0.002	ok	
335	{"replicate":334}	-0.000455	0.002	ok	
336	{"replicate":335}	-0.003600	0.002	ok	
337	{"replicate":336}	0.000143	0.002	ok	
338	{"replicate":337}	-0.000333	0.002	ok	
339	{"replicate":338}	-0.003285	0.002	ok	
340	{"replicate":339}	-0.001015	0.002	ok	
341	{"replicate":340}	-0.000674	0.002	ok	
342	{"replicate":341}	-0.002780	0.002	ok	
343	{"replicate":342}	-0.001507	0.002	ok	
344	{"replicate":343}	-0.001265	0.002	ok	
345	{"replicate":344}	-0.004067	0.002	ok	
346	{"replicate":345}	-0.000404	0.002	ok	
347	{"replicate":346}	0.000375	0.002	ok	
348	{"replicate":347}	-0.000680	0.002	ok	
349	{"replicate":348}	-0.000469	0.002	ok	
350	{"replicate":349}	-0.001459	0.002	ok	
351	{"replicate":350}	-0.001951	0.002	ok	
352	{"replicate":351}	-0.002265	0.002	ok	
353	{"replicate":352}	-0.004160	0.002	ok	
354	{"replicate":353}	-0.004123	0.002	ok	
355	{"replicate":354}	0.000177	0.002	ok	
356	{"replicate":355}	-0.003395	0.002	ok	
357	{"replicate":356}	-0.003658	0.002	ok	
358	{"replicate":357}	-0.002507	0.002	ok	
359	{"replicate":358}	-0.000487	0.002	ok	
360	{"replicate":359}	0.000149	0.002	ok	
361	{"replicate":360}	0.000322	0.002	ok	
362	{"replicate":361}	-0.000572	0.002	ok	
363	{"replicate":362}	-0.001003	0.002	ok	
364	{"replicate":363}	-0.001652	0.002	ok	
365	{"replicate":364}	-0.001624	0.002	ok	
366	{"replicate":365}	-0.000007	0.002	ok	
367	{"replicate":366}	-0.002697	0.002	ok	
368	{"replicate":367}	-0.003275	0.002	ok	
369	{"replicate":368}	0.000170	0.002	ok	
370	{"replicate":369}	0.001342	0.002	ok	
371	{"replicate":370}	-0.000165	0.002	ok	
372	{"replicate":371}	-0.002096	0.002	ok	
373	{"replicate":372}	0.002425	0.002	ok	
374	{"replicate":373}	-0.002215	0.002	ok	
375	{"replicate":374}	-0.000447	0.002	ok	
376	{"replicate":375}	-0.001788	0.002	ok	
377	{"replicate":376}	-0.000484	0.002	ok	
378	{"replicate":377}	-0.002417	0.002	ok	
379	{"replicate":378}	-0.000874	0.002	ok	
380	{"replicate":379}	-0.001517	0.002	ok	
381	{"replicate":380}	-0.001012	0.002	ok	
382	{"replicate":381}	-0.001606	0.002	ok	
383	{"replicate":382}	-0.001700	0.002	ok	
384	{"replicate":383}	-0.000857	0.002	ok	
385	{"replicate":384}	-0.002350	0.002	ok	
386	{"replicate":385}	-0.001367	0.002	ok	
387	{"replicate":386}	-0.002738	0.002	ok	
388	{"replicate":387}	-0.000563	0.002	ok	
389	{"replicate":388}	-0.001294	0.002	ok	
390	{"replicate":389}	-0.000210	0.002	ok	
391	{"replicate":390}	-0.001599	0.002	ok	
392	{"replicate":391}	0.001068	0.002	ok	
393	{"replicate":392}	-0.002335	0.002	ok	
394	{"replicate":393}	-0.000503	0.002	ok	
395	{"replicate":394}	-0.001370	0.002	ok	
396	{"replicate":395}	-0.002218	0.002	ok	
397	{"replicate":396}	-0.001160	0.002	ok	
398	{"replicate":397}	0.000014	0.002	ok	
399	{"replicate":398}	-0.002105	0.002	ok	
400	{"replicate":399}	0.000346	0.002	ok	
401	{"replicate":400}	-0.002540	0.002	ok	
402	{"replicate":401}	-0.002546	0.002	ok	
403	{"replicate":402}	-0.001388	0.002	ok	
404	{"replicate":403}	-0.000739	0.002	ok	
405	{"replicate":404}	0.000016	0.002	ok	
406	{"replicate":405}	-0.003284	0.002	ok	
407	{"replicate":406}	-0.002123	0.002	ok	
408	{"replicate":407}	-0.001987	0.002	ok	
409	{"replicate":408}	-0.001638	0.002	ok	
410	{"replicate":409}	-0.002842	0.002	ok	
411	{"replicate":410}	-0.003809	0.002	ok	
412	{"replicate":411}	-0.003217	0.002	ok	
413	{"replicate":412}	-0.000447	0.002	ok	
414	{"replicate":413}	-0.001110	0.002	ok	
415	{"replicate":414}	-0.003811	0.002	ok	
416	{"replicate":415}	-0.000024	0.002	ok	
417	{"replicate":416}	-0.001728	0.002	ok	
418	{"replicate":417}	-0.003296	0.002	ok	
419	{"replicate":418}	-0.000917	0.002	ok	
420	{"replicate":419}	0.000705	0.002	ok	
421	{"replicate":420}	-0.003924	0.002	ok	
422	{"replicate":421}	-0.003837	0.002	ok	
423	{"replicate":422}	-0.001333	0.002	ok	
424	{"replicate":423}	-0.000802	0.002	ok	
425	{"replicate":424}	-0.000747	0.002	ok	
426	{"replicate":425}	-0.002682	0.002	ok	
427	{"replicate":426}	-0.000981	0.002	ok	
428	{"replicate":427}	-0.000960	0.002	ok	
429	{"replicate":428}	-0.001609	0.002	ok	
430	{"replicate":429}	-0.000057	0.002	ok	
431	{"replicate":430}	-0.001751	0.002	ok	
432	{"replicate":431}	-0.001732	0.002	ok	
433	{"replicate":432}	-0.002852	0.002	ok	
434	{"replicate":433}	-0.002563	0.002	ok	
435	{"replicate":434}	0.000267	0.002	ok	
436	{"replicate":435}	-0.000820	0.002	ok	
437	{"replicate":436}	-0.000937	0.002	ok	
438	{"replicate":437}	0.000158	0.002	ok	
439	{"replicate":438}	-0.000962	0.002	ok	
440	{"replicate":439}	-0.003346	0.002	ok	
441	{"replicate":440}	-0.001438	0.002	ok	
442	{"replicate":441}	-0.001852	0.002	ok	
443	{"replicate":442}	-0.001040	0.002	ok	
444	{"replicate":443}	-0.000534	0.002	ok	
445	{"replicate":444}	-0.002593	0.002	ok	
446	{"replicate":445}	-0.002669	0.002	ok	
447	{"replicate":446}	0.001501	0.002	ok	
448	{"replicate":447}	-0.002398	0.002	ok	
449	{"replicate":448}	0.000132	0.002	ok	
450	{"replicate":449}	-0.000278	0.002	ok	
451	{"replicate":450}	-0.000131	0.002	ok	
452	{"replicate":451}	-0.000993	0.002	ok	
453	{"replicate":452}	-0.001764	0.002	ok	
454	{"replicate":453}	-0.001910	0.002	ok	
455	{"replicate":454}	-0.001981	0.002	ok	
456	{"replicate":455}	0.000711	0.002	ok	
457	{"replicate":456}	-0.000176	0.002	ok	
458	{"replicate":457}	0.000375	0.002	ok	
459	{"replicate":458}	-0.003433	0.002	ok	
460	{"replicate":459}	-0.000960	0.002	ok	
461	{"replicate":460}	-0.002002	0.002	ok	
462	{"replicate":461}	-0.000638	0.002	ok	
463	{"replicate":462}	-0.001598	0.002	ok	
464	{"replicate":463}	-0.000783	0.002	ok	
465	{"replicate":464}	-0.000817	0.002	ok	
466	{"replicate":465}	-0.003014	0.002	ok	
467	{"replicate":466}	-0.001428	0.002	ok	
468	{"replicate":467}	0.001570	0.002	ok	
469	{"replicate":468}	-0.001569	0.002	ok	
470	{"replicate":469}	-0.002811	0.002	ok	
471	{"replicate":470}	-0.000607	0.002	ok	
472	{"replicate":471}	-0.000627	0.002	ok	
473	{"replicate":472}	-0.001452	0.002	ok	
474	{"replicate":473}	-0.002424	0.002	ok	
475	{"replicate":474}	-0.001804	0.002	ok	
476	{"replicate":475}	-0.001284	0.002	ok	
477	{"replicate":476}	-0.001774	0.002	ok	
478	{"replicate":477}	-0.000407	0.002	ok	
479	{"replicate":478}	-0.002724	0.002	ok	
480	{"replicate":479}	-0.000867	0.002	ok	
481	{"replicate":480}	-0.001986	0.002	ok	
482	{"replicate":481}	-0.000729	0.002	ok	
483	{"replicate":482}	-0.001178	0.002	ok	
484	{"replicate":483}	-0.002856	0.002	ok	
485	{"replicate":484}	-0.001803	0.002	ok	
486	{"replicate":485}	-0.001237	0.002	ok	
487	{"replicate":486}	0.000949	0.002	ok	
488	{"replicate":487}	-0.000367	0.002	ok	
489	{"replicate":488}	-0.000392	0.002	ok	
490	{"replicate":489}	-0.002234	0.002	ok	
491	{"replicate":490}	-0.001310	0.002	ok	
492	{"replicate":491}	-0.001781	0.002	ok	
493	{"replicate":492}	-0.001211	0.002	ok	
494	{"replicate":493}	-0.001071	0.002	ok	
495	{"replicate":494}	0.000280	0.002	ok	
496	{"replicate":495}	-0.001196	0.002	ok	
497	{"replicate":496}	-0.002356	0.002	ok	
498	{"replicate":497}	-0.000584	0.002	ok	
499	{"replicate":498}	-0.004605	0.002	ok	
500	{"replicate":499}	0.001515	0.002	ok	
501	{"replicate":500}	-0.000942	0.002	ok	
502	{"replicate":501}	-0.000747	0.002	ok	
503	{"replicate":502}	-0.001347	0.002	ok	
504	{"replicate":503}	-0.003827	0.002	ok	
505	{"replicate":504}	-0.001887	0.002	ok	
506	{"replicate":505}	-0.001645	0.002	ok	
507	{"replicate":506}	-0.001623	0.002	ok	
508	{"replicate":507}	-0.002020	0.002	ok	
509	{"replicate":508}	-0.002814	0.002	ok	
510	{"replicate":509}	-0.001728	0.002	ok	
511	{"replicate":510}	-0.000753	0.002	ok	
512	{"replicate":511}	-0.002017	0.002	ok	
513	{"replicate":512}	-0.002024	0.002	ok	
514	{"replicate":513}	0.000018	0.002	ok	
515	{"replicate":514}	-0.002562	0.002	ok	
516	{"replicate":515}	-0.001425	0.002	ok	
517	{"replicate":516}	-0.003799	0.002	ok	
518	{"replicate":517}	-0.000575	0.002	ok	
519	{"replicate":518}	-0.001957	0.002	ok	
520	{"replicate":519}	-0.002338	0.002	ok	
521	{"replicate":520}	0.000457	0.002	ok	
522	{"replicate":521}	-0.003976	0.002	ok	
523	{"replicate":522}	-0.000317	0.002	ok	
524	{"replicate":523}	-0.002046	0.002	ok	
525	{"replicate":524}	0.000360	0.002	ok	
526	{"replicate":525}	0.000313	0.002	ok	
527	{"replicate":526}	-0.001437	0.002	ok	
528	{"replicate":527}	-0.001444	0.002	ok	
529	{"replicate":528}	-0.002124	0.002	ok	
530	{"replicate":529}	-0.003155	0.002	ok	
531	{"replicate":530}	-0.003081	0.002	ok	
532	{"replicate":531}	-0.001544	0.002	ok	
533	{"replicate":532}	-0.001120	0.002	ok	
534	{"replicate":533}	-0.000340	0.002	ok	
535	{"replicate":534}	-0.002892	0.002	ok	
536	{"replicate":535}	0.000840	0.002	ok	
537	{"replicate":536}	-0.003061	0.002	ok	
538	{"replicate":537}	-0.001211	0.002	ok	
539	{"replicate":538}	-0.003218	0.002	ok	
540	{"replicate":539}	-0.001934	0.002	ok	
541	{"replicate":540}	-0.001084	0.002	ok	
542	{"replicate":541}	-0.001973	0.002	ok	
543	{"replicate":542}	-0.000028	0.002	ok	
544	{"replicate":543}	-0.004507	0.002	ok	
545	{"replicate":544}	-0.001295	0.002	ok	
546	{"replicate":545}	-0.002159	0.002	ok	
547	{"replicate":546}	-0.001146	0.002	ok	
548	{"replicate":547}	-0.002069	0.002	ok	
549	{"replicate":548}	-0.002250	0.002	ok	
550	{"replicate":549}	-0.000498	0.002	ok	
551	{"replicate":550}	-0.000725	0.002	ok	
552	{"replicate":551}	0.000175	0.002	ok	
553	{"replicate":552}	-0.001407	0.002	ok	
554	{"replicate":553}	-0.003097	0.002	ok	
555	{"replicate":554}	-0.003612	0.002	ok	
556	{"replicate":555}	-0.000588	0.002	ok	
557	{"replicate":556}	-0.000423	0.002	ok	
558	{"replicate":557}	0.000832	0.002	ok	
559	{"replicate":558}	-0.003180	0.002	ok	
560	{"replicate":559}	-0.001482	0.002	ok	
561	{"replicate":560}	-0.002090	0.002	ok	
562	{"replicate":561}	-0.000798	0.002	ok	
563	{"replicate":562}	-0.002170	0.002	ok	
564	{"replicate":563}	-0.003596	0.002	ok	
565	{"replicate":564}	-0.001299	0.002	ok	
566	{"replicate":565}	-0.001820	0.002	ok	
567	{"replicate":566}	-0.000976	0.002	ok	
568	{"replicate":567}	-0.004571	0.002	ok	
569	{"replicate":568}	-0.001809	0.002	ok	
570	{"replicate":569}	0.000104	0.002	ok	
571	{"replicate":570}	-0.002559	0.002	ok	
572	{"replicate":571}	-0.001013	0.002	ok	
573	{"replicate":572}	-0.000142	0.002	ok	
574	{"replicate":573}	-0.001390	0.002	ok	
575	{"replicate":574}	0.001152	0.002	ok	
576	{"replicate":575}	-0.002403	0.002	ok	
577	{"replicate":576}	-0.000729	0.002	ok	
578	{"replicate":577}	-0.000555	0.002	ok	
579	{"replicate":578}	-0.001338	0.002	ok	
580	{"replicate":579}	-0.001173	0.002	ok	
581	{"replicate":580}	-0.000524	0.002	ok	
582	{"replicate":581}	-0.001398	0.002	ok	
583	{"replicate":582}	-0.003467	0.002	ok	
584	{"replicate":583}	0.001247	0.002	ok	
585	{"replicate":584}	-0.003653	0.002	ok	
586	{"replicate":585}	-0.000812	0.002	ok	
587	{"replicate":586}	-0.001196	0.002	ok	
588	{"replicate":587}	-0.000958	0.002	ok	
589	{"replicate":588}	0.000998	0.002	ok	
590	{"replicate":589}	-0.000725	0.002	ok	
591	{"replicate":590}	-0.001368	0.002	ok	
592	{"replicate":591}	-0.002327	0.002	ok	
593	{"replicate":592}	-0.002375	0.002	ok	
594	{"replicate":593}	-0.000410	0.002	ok	
595	{"replicate":594}	0.000132	0.002	ok	
596	{"replicate":595}	-0.002339	0.002	ok	
597	{"replicate":596}	-0.003747	0.002	ok	
598	{"replicate":597}	-0.001734	0.002	ok	
599	{"replicate":598}	-0.001939	0.002	ok	
600	{"replicate":599}	-0.003801	0.002	ok	
601	{"replicate":600}	-0.001088	0.002	ok	
602	{"replicate":601}	-0.004180	0.002	ok	
603	{"replicate":602}	-0.001981	0.002	ok	
604	{"replicate":603}	-0.001221	0.002	ok	
605	{"replicate":604}	0.000582	0.002	ok	
606	{"replicate":605}	-0.000578	0.002	ok	
607	{"replicate":606}	-0.004643	0.002	ok	
608	{"replicate":607}	-0.000930	0.002	ok	
609	{"replicate":608}	-0.002838	0.002	ok	
610	{"replicate":609}	-0.000932	0.002	ok	
611	{"replicate":610}	-0.000841	0.002	ok	
612	{"replicate":611}	-0.001709	0.002	ok	
613	{"replicate":612}	-0.000769	0.002	ok	
614	{"replicate":613}	0.001467	0.002	ok	
615	{"replicate":614}	-0.000594	0.002	ok	
616	{"replicate":615}	-0.001937	0.002	ok	
617	{"replicate":616}	-0.000905	0.002	ok	
618	{"replicate":617}	-0.001460	0.002	ok	
619	{"replicate":618}	0.000153	0.002	ok	
620	{"replicate":619}	-0.000243	0.002	ok	
621	{"replicate":620}	-0.002705	0.002	ok	
622	{"replicate":621}	-0.001937	0.002	ok	
623	{"replicate":622}	-0.001414	0.002	ok	
624	{"replicate":623}	-0.001641	0.002	ok	
625	{"replicate":624}	-0.003713	0.002	ok	
626	{"replicate":625}	-0.000492	0.002	ok	
627	{"replicate":626}	-0.001431	0.002	ok	
628	{"replicate":627}	-0.002458	0.002	ok	
629	{"replicate":628}	-0.001061	0.002	ok	
630	{"replicate":629}	-0.001269	0.002	ok	
631	{"replicate":630}	-0.002804	0.002	ok	
632	{"replicate":631}	0.001192	0.002	ok	
633	{"replicate":632}	-0.004046	0.002	ok	
634	{"replicate":633}	-0.000407	0.002	ok	
635	{"replicate":634}	-0.000771	0.002	ok	
636	{"replicate":635}	-0.002656	0.002	ok	
637	{"replicate":636}	-0.002790	0.002	ok	
638	{"replicate":637}	-0.001696	0.002	ok	
639	{"replicate":638}	-0.000638	0.002	ok	
640	{"replicate":639}	-0.002117	0.002	ok	
641	{"replicate":640}	-0.001617	0.002	ok	
642	{"replicate":641}	-0.003828	0.002	ok	
643	{"replicate":642}	-0.002044	0.002	ok	
644	{"replicate":643}	-0.002632	0.002	ok	
645	{"replicate":644}	-0.002774	0.002	ok	
646	{"replicate":645}	-0.000560	0.002	ok	
647	{"replicate":646}	-0.000953	0.002	ok	
648	{"replicate":647}	-0.000751	0.002	ok	
649	{"replicate":648}	-0.000248	0.002	ok	
650	{"replicate":649}	-0.001434	0.002	ok	
651	{"replicate":650}	-0.003517	0.002	ok	
652	{"replicate":651}	-0.000156	0.002	ok	
653	{"replicate":652}	-0.001254	0.002	ok	
654	{"replicate":653}	-0.002064	0.002	ok	
655	{"replicate":654}	-0.003292	0.002	ok	
656	{"replicate":655}	0.001151	0.002	ok	
657	{"replicate":656}	-0.001341	0.002	ok	
658	{"replicate":657}	-0.002703	0.002	ok	
659	{"replicate":658}	-0.002854	0.002	ok	
660	{"replicate":659}	-0.001879	0.002	ok	
661	{"replicate":660}	-0.000792	0.002	ok	
662	{"replicate":661}	-0.002275	0.002	ok	
663	{"replicate":662}	-0.001404	0.002	ok	
664	{"replicate":663}	-0.002536	0.002	ok	
665	{"replicate":664}	-0.000216	0.002	ok	
666	{"replicate":665}	-0.002612	0.002	ok	
667	{"replicate":666}	-0.002217	0.002	ok	
668	{"replicate":667}	-0.001146	0.002	ok	
669	{"replicate":668}	-0.002122	0.002	ok	
670	{"replicate":669}	-0.001258	0.002	ok	
671	{"replicate":670}	-0.001815	0.002	ok	
672	{"replicate":671}	-0.003787	0.002	ok	
673	{"replicate":672}	-0.003486	0.002	ok	
674	{"replicate":673}	-0.001335	0.002	ok	
675	{"replicate":674}	-0.001692	0.002	ok	
676	{"replicate":675}	-0.002092	0.002	ok	
677	{"replicate":676}	0.000847	0.002	ok	
678	{"replicate":677}	-0.000788	0.002	ok	
679	{"replicate":678}	-0.001941	0.002	ok	
680	{"replicate":679}	-0.000602	0.002	ok	
681	{"replicate":680}	-0.000349	0.002	ok	
682	{"replicate":681}	-0.000641	0.002	ok	
683	{"replicate":682}	-0.001679	0.002	ok	
684	{"replicate":683}	-0.003472	0.002	ok	
685	{"replicate":684}	-0.000922	0.002	ok	
686	{"replicate":685}	-0.002342	0.002	ok	
687	{"replicate":686}	-0.000502	0.002	ok	
688	{"replicate":687}	-0.002266	0.002	ok	
689	{"replicate":688}	-0.000614	0.002	ok	
690	{"replicate":689}	-0.000376	0.002	ok	
691	{"replicate":690}	-0.001371	0.002	ok	
692	{"replicate":691}	-0.002455	0.002	ok	
693	{"replicate":692}	-0.003186	0.002	ok	
694	{"replicate":693}	-0.002701	0.002	ok	
695	{"replicate":694}	-0.003594	0.002	ok	
696	{"replicate":695}	-0.001367	0.002	ok	
697	{"replicate":696}	-0.001569	0.002	ok	
698	{"replicate":697}	-0.002396	0.002	ok	
699	{"replicate":698}	-0.002966	0.002	ok	
700	{"replicate":699}	-0.002511	0.002	ok	
701	{"replicate":700}	-0.000697	0.002	ok	
702	{"replicate":701}	-0.002257	0.002	ok	
703	{"replicate":702}	-0.002561	0.002	ok	
704	{"replicate":703}	-0.003690	0.002	ok	
705	{"replicate":704}	-0.001587	0.002	ok	
706	{"replicate":705}	-0.001235	0.002	ok	
707	{"replicate":706}	-0.002111	0.002	ok	
708	{"replicate":707}	-0.003708	0.002	ok	
709	{"replicate":708}	-0.001707	0.002	ok	
710	{"replicate":709}	-0.000930	0.002	ok	
711	{"replicate":710}	-0.003289	0.002	ok	
712	{"replicate":711}	-0.000020	0.002	ok	
713	{"replicate":712}	-0.005937	0.002	ok	
714	{"replicate":713}	-0.000471	0.002	ok	
715	{"replicate":714}	-0.003255	0.002	ok	
716	{"replicate":715}	-0.002601	0.002	ok	
717	{"replicate":716}	-0.001043	0.002	ok	
718	{"replicate":717}	-0.001544	0.002	ok	
719	{"replicate":718}	-0.001999	0.002	ok	
720	{"replicate":719}	-0.001381	0.002	ok	
721	{"replicate":720}	-0.002474	0.002	ok	
722	{"replicate":721}	-0.001165	0.002	ok	
723	{"replicate":722}	-0.001786	0.002	ok	
724	{"replicate":723}	-0.000636	0.002	ok	
725	{"replicate":724}	-0.002032	0.002	ok	
726	{"replicate":725}	-0.000247	0.002	ok	
727	{"replicate":726}	-0.002094	0.002	ok	
728	{"replicate":727}	-0.001080	0.002	ok	
729	{"replicate":728}	-0.002520	0.002	ok	
730	{"replicate":729}	-0.005322	0.002	ok	
731	{"replicate":730}	-0.000769	0.002	ok	
732	{"replicate":731}	-0.000746	0.002	ok	
733	{"replicate":732}	-0.001252	0.002	ok	
734	{"replicate":733}	-0.001843	0.002	ok	
735	{"replicate":734}	0.000431	0.002	ok	
736	{"replicate":735}	-0.001061	0.002	ok	
737	{"replicate":736}	-0.000401	0.002	ok	
738	{"replicate":737}	-0.001303	0.002	ok	
739	{"replicate":738}	-0.003179	0.002	ok	
740	{"replicate":739}	-0.003093	0.002	ok	
741	{"replicate":740}	-0.001322	0.002	ok	
742	{"replicate":741}	-0.000344	0.002	ok	
743	{"replicate":742}	-0.002642	0.002	ok	
744	{"replicate":743}	-0.003496	0.002	ok	
745	{"replicate":744}	0.001026	0.002	ok	
746	{"replicate":745}	-0.001424	0.002	ok	
747	{"replicate":746}	-0.001223	0.002	ok	
748	{"replicate":747}	-0.000700	0.002	ok	
749	{"replicate":748}	0.001794	0.002	ok	
750	{"replicate":749}	-0.001686	0.002	ok	
751	{"replicate":750}	-0.000058	0.002	ok	
752	{"replicate":751}	-0.001000	0.002	ok	
753	{"replicate":752}	-0.000375	0.002	ok	
754	{"replicate":753}	-0.003319	0.002	ok	
755	{"replicate":754}	-0.001948	0.002	ok	
756	{"replicate":755}	-0.001431	0.002	ok	
757	{"replicate":756}	-0.002004	0.002	ok	
758	{"replicate":757}	-0.001364	0.002	ok	
759	{"replicate":758}	-0.000292	0.002	ok	
760	{"replicate":759}	-0.001638	0.002	ok	
761	{"replicate":760}	-0.003684	0.002	ok	
762	{"replicate":761}	-0.000808	0.002	ok	
763	{"replicate":762}	-0.003203	0.002	ok	
764	{"replicate":763}	-0.002042	0.002	ok	
765	{"replicate":764}	-0.000261	0.002	ok	
766	{"replicate":765}	-0.002231	0.002	ok	
767	{"replicate":766}	-0.001990	0.002	ok	
768	{"replicate":767}	-0.000369	0.002	ok	
769	{"replicate":768}	0.000471	0.002	ok	
770	{"replicate":769}	-0.000623	0.002	ok	
771	{"replicate":770}	-0.002473	0.002	ok	
772	{"replicate":771}	-0.001999	0.002	ok	
773	{"replicate":772}	-0.001290	0.002	ok	
774	{"replicate":773}	-0.002159	0.002	ok	
775	{"replicate":774}	-0.003278	0.002	ok	
776	{"replicate":775}	0.000054	0.002	ok	
777	{"replicate":776}	-0.000951	0.002	ok	
778	{"replicate":777}	-0.000510	0.002	ok	
779	{"replicate":778}	-0.001191	0.002	ok	
780	{"replicate":779}	-0.002606	0.002	ok	
781	{"replicate":780}	-0.001465	0.002	ok	
782	{"replicate":781}	-0.002171	0.002	ok	
783	{"replicate":782}	-0.000813	0.002	ok	
784	{"replicate":783}	0.000090	0.002	ok	
785	{"replicate":784}	0.002740	0.002	ok	
786	{"replicate":785}	-0.000973	0.002	ok	
787	{"replicate":786}	-0.001251	0.002	ok	
788	{"replicate":787}	-0.001841	0.002	ok	
789	{"replicate":788}	-0.001388	0.002	ok	
790	{"replicate":789}	-0.002869	0.002	ok	
791	{"replicate":790}	-0.001102	0.002	ok	
792	{"replicate":791}	0.000075	0.002	ok	
793	{"replicate":792}	-0.003225	0.002	ok	
794	{"replicate":793}	-0.001617	0.002	ok	
795	{"replicate":794}	-0.001728	0.002	ok	
796	{"replicate":795}	-0.000780	0.002	ok	
797	{"replicate":796}	0.000053	0.002	ok	
798	{"replicate":797}	-0.000237	0.002	ok	
799	{"replicate":798}	-0.001279	0.002	ok	
800	{"replicate":799}	0.000279	0.002	ok	
801	{"replicate":800}	-0.001291	0.002	ok	
802	{"replicate":801}	-0.002557	0.002	ok	
803	{"replicate":802}	-0.002143	0.002	ok	
804	{"replicate":803}	-0.000573	0.002	ok	
805	{"replicate":804}	-0.002189	0.002	ok	
806	{"replicate":805}	-0.002221	0.002	ok	
807	{"replicate":806}	-0.002838	0.002	ok	
808	{"replicate":807}	0.000004	0.002	ok	
809	{"replicate":808}	-0.002882	0.002	ok	
810	{"replicate":809}	-0.002832	0.002	ok	
811	{"replicate":810}	-0.000700	0.002	ok	
812	{"replicate":811}	-0.001011	0.002	ok	
813	{"replicate":812}	-0.001045	0.002	ok	
814	{"replicate":813}	-0.003779	0.002	ok	
815	{"replicate":814}	-0.000014	0.002	ok	
816	{"replicate":815}	0.001256	0.002	ok	
817	{"replicate":816}	-0.000797	0.002	ok	
818	{"replicate":817}	0.000220	0.002	ok	
819	{"replicate":818}	-0.001028	0.002	ok	
820	{"replicate":819}	-0.002059	0.002	ok	
821	{"replicate":820}	0.001828	0.002	ok	
822	{"replicate":821}	0.000469	0.002	ok	
823	{"replicate":822}	-0.001613	0.002	ok	
824	{"replicate":823}	-0.001768	0.002	ok	
825	{"replicate":824}	0.000648	0.002	ok	
826	{"replicate":825}	-0.000619	0.002	ok	
827	{"replicate":826}	-0.000776	0.002	ok	
828	{"replicate":827}	-0.001429	0.002	ok	
829	{"replicate":828}	0.000319	0.002	ok	
830	{"replicate":829}	-0.000469	0.002	ok	
831	{"replicate":830}	0.000474	0.002	ok	
832	{"replicate":831}	-0.003062	0.002	ok	
833	{"replicate":832}	-0.001540	0.002	ok	
834	{"replicate":833}	-0.002269	0.002	ok	
835	{"replicate":834}	0.001059	0.002	ok	
836	{"replicate":835}	-0.001235	0.002	ok	
837	{"replicate":836}	-0.002958	0.002	ok	
838	{"replicate":837}	-0.003014	0.002	ok	
839	{"replicate":838}	-0.000838	0.002	ok	
840	{"replicate":839}	-0.001581	0.002	ok	
841	{"replicate":840}	-0.002022	0.002	ok	
842	{"replicate":841}	-0.003417	0.002	ok	
843	{"replicate":842}	-0.001058	0.002	ok	
844	{"replicate":843}	-0.001171	0.002	ok	
845	{"replicate":844}	-0.001728	0.002	ok	
846	{"replicate":845}	-0.000315	0.002	ok	
847	{"replicate":846}	-0.002568	0.002	ok	
848	{"replicate":847}	-0.001307	0.002	ok	
849	{"replicate":848}	-0.001754	0.002	ok	
850	{"replicate":849}	-0.000230	0.002	ok	
851	{"replicate":850}	-0.000458	0.002	ok	
852	{"replicate":851}	-0.001350	0.002	ok	
853	{"replicate":852}	-0.000231	0.002	ok	
854	{"replicate":853}	-0.003211	0.002	ok	
855	{"replicate":854}	-0.001286	0.002	ok	
856	{"replicate":855}	-0.002202	0.002	ok	
857	{"replicate":856}	-0.002594	0.002	ok	
858	{"replicate":857}	-0.000942	0.002	ok	
859	{"replicate":858}	-0.001970	0.002	ok	
860	{"replicate":859}	0.000640	0.002	ok	
861	{"replicate":860}	-0.002517	0.002	ok	
862	{"replicate":861}	-0.002310	0.002	ok	
863	{"replicate":862}	-0.002653	0.002	ok	
864	{"replicate":863}	-0.001848	0.002	ok	
865	{"replicate":864}	-0.001890	0.002	ok	
866	{"replicate":865}	-0.002006	0.002	ok	
867	{"replicate":866}	-0.000373	0.002	ok	
868	{"replicate":867}	-0.001453	0.002	ok	
869	{"replicate":868}	-0.001127	0.002	ok	
870	{"replicate":869}	-0.002273	0.002	ok	
871	{"replicate":870}	-0.001869	0.002	ok	
872	{"replicate":871}	-0.001822	0.002	ok	
873	{"replicate":872}	-0.001838	0.002	ok	
874	{"replicate":873}	-0.002943	0.002	ok	
875	{"replicate":874}	-0.002251	0.002	ok	
876	{"replicate":875}	-0.000197	0.002	ok	
877	{"replicate":876}	-0.001911	0.002	ok	
878	{"replicate":877}	0.000713	0.002	ok	
879	{"replicate":878}	-0.002740	0.002	ok	
880	{"replicate":879}	0.000199	0.002	ok	
881	{"replicate":880}	-0.003948	0.002	ok	
882	{"replicate":881}	-0.001128	0.002	ok	
883	{"replicate":882}	-0.001425	0.002	ok	
884	{"replicate":883}	-0.001100	0.002	ok	
885	{"replicate":884}	-0.002066	0.002	ok	
886	{"replicate":885}	-0.000563	0.002	ok	
887	{"replicate":886}	-0.001755	0.002	ok	
888	{"replicate":887}	-0.002030	0.002	ok	
889	{"replicate":888}	-0.003543	0.002	ok	
890	{"replicate":889}	-0.002534	0.002	ok	
891	{"replicate":890}	-0.003383	0.002	ok	
892	{"replicate":891}	-0.002358	0.002	ok	
893	{"replicate":892}	0.000186	0.002	ok	
894	{"replicate":893}	-0.002220	0.002	ok	
895	{"replicate":894}	-0.003605	0.002	ok	
896	{"replicate":895}	-0.002851	0.002	ok	
897	{"replicate":896}	-0.001545	0.002	ok	
898	{"replicate":897}	-0.000038	0.002	ok	
899	{"replicate":898}	-0.000842	0.002	ok	
900	{"replicate":899}	0.001339	0.002	ok	
901	{"replicate":900}	-0.001865	0.002	ok	
902	{"replicate":901}	-0.001693	0.002	ok	
903	{"replicate":902}	-0.000499	0.002	ok	
904	{"replicate":903}	-0.001274	0.002	ok	
905	{"replicate":904}	-0.000700	0.002	ok	
906	{"replicate":905}	-0.001079	0.002	ok	
907	{"replicate":906}	-0.000191	0.002	ok	
908	{"replicate":907}	-0.002584	0.002	ok	
909	{"replicate":908}	-0.000025	0.002	ok	
910	{"replicate":909}	-0.002468	0.002	ok	
911	{"replicate":910}	-0.001660	0.002	ok	
912	{"replicate":911}	-0.002945	0.002	ok	
913	{"replicate":912}	-0.002254	0.002	ok	
914	{"replicate":913}	-0.002293	0.002	ok	
915	{"replicate":914}	-0.001175	0.002	ok	
916	{"replicate":915}	-0.001973	0.002	ok	
917	{"replicate":916}	0.000550	0.002	ok	
918	{"replicate":917}	0.000222	0.002	ok	
919	{"replicate":918}	-0.000376	0.002	ok	
920	{"replicate":919}	-0.001036	0.002	ok	
921	{"replicate":920}	0.000593	0.002	ok	
922	{"replicate":921}	-0.003821	0.002	ok	
923	{"replicate":922}	-0.000139	0.002	ok	
924	{"replicate":923}	-0.002020	0.002	ok	
925	{"replicate":924}	-0.000093	0.002	ok	
926	{"replicate":925}	-0.001065	0.002	ok	
927	{"replicate":926}	0.000427	0.002	ok	
928	{"replicate":927}	-0.001143	0.002	ok	
929	{"replicate":928}	-0.000909	0.002	ok	
930	{"replicate":929}	-0.002271	0.002	ok	
931	{"replicate":930}	-0.001891	0.002	ok	
932	{"replicate":931}	-0.003617	0.002	ok	
933	{"replicate":932}	-0.001201	0.002	ok	
934	{"replicate":933}	-0.001275	0.002	ok	
935	{"replicate":934}	-0.002916	0.002	ok	
936	{"replicate":935}	-0.002285	0.002	ok	
937	{"replicate":936}	-0.003165	0.002	ok	
938	{"replicate":937}	-0.001204	0.002	ok	
939	{"replicate":938}	-0.001558	0.002	ok	
940	{"replicate":939}	-0.003168	0.002	ok	
941	{"replicate":940}	-0.001615	0.002	ok	
942	{"replicate":941}	-0.000372	0.002	ok	
943	{"replicate":942}	-0.002039	0.002	ok	
944	{"replicate":943}	-0.001271	0.002	ok	
945	{"replicate":944}	-0.002320	0.002	ok	
946	{"replicate":945}	-0.001429	0.002	ok	
947	{"replicate":946}	0.000075	0.002	ok	
948	{"replicate":947}	-0.002957	0.002	ok	
949	{"replicate":948}	-0.000299	0.002	ok	
950	{"replicate":949}	-0.000314	0.002	ok	
951	{"replicate":950}	-0.001306	0.002	ok	
952	{"replicate":951}	-0.000794	0.002	ok	
953	{"replicate":952}	-0.002648	0.002	ok	
954	{"replicate":953}	0.001220	0.002	ok	
955	{"replicate":954}	-0.003183	0.002	ok	
956	{"replicate":955}	-0.002302	0.002	ok	
957	{"replicate":956}	-0.002287	0.002	ok	
958	{"replicate":957}	-0.001876	0.002	ok	
959	{"replicate":958}	0.000295	0.002	ok	
960	{"replicate":959}	-0.002302	0.002	ok	
961	{"replicate":960}	-0.000718	0.002	ok	
962	{"replicate":961}	-0.001178	0.002	ok	
963	{"replicate":962}	-0.001462	0.002	ok	
964	{"replicate":963}	-0.000536	0.002	ok	
965	{"replicate":964}	0.001362	0.002	ok	
966	{"replicate":965}	-0.002180	0.002	ok	
967	{"replicate":966}	-0.001521	0.002	ok	
968	{"replicate":967}	-0.000973	0.002	ok	
969	{"replicate":968}	-0.003932	0.002	ok	
970	{"replicate":969}	-0.004249	0.002	ok	
971	{"replicate":970}	-0.001658	0.002	ok	
972	{"replicate":971}	0.000279	0.002	ok	
973	{"replicate":972}	0.000355	0.002	ok	
974	{"replicate":973}	-0.003213	0.002	ok	
975	{"replicate":974}	-0.001382	0.002	ok	
976	{"replicate":975}	-0.002391	0.002	ok	
977	{"replicate":976}	-0.000767	0.002	ok	
978	{"replicate":977}	-0.000134	0.002	ok	
979	{"replicate":978}	-0.003578	0.002	ok	
980	{"replicate":979}	-0.001708	0.002	ok	
981	{"replicate":980}	-0.000826	0.002	ok	
982	{"replicate":981}	-0.001936	0.002	ok	
983	{"replicate":982}	0.001482	0.002	ok	
984	{"replicate":983}	0.000228	0.002	ok	
985	{"replicate":984}	-0.002132	0.002	ok	
986	{"replicate":985}	-0.001499	0.002	ok	
987	{"replicate":986}	-0.001533	0.002	ok	
988	{"replicate":987}	0.000482	0.002	ok	
989	{"replicate":988}	-0.002416	0.002	ok	
990	{"replicate":989}	-0.001683	0.002	ok	
991	{"replicate":990}	0.001342	0.002	ok	
992	{"replicate":991}	-0.001346	0.002	ok	
993	{"replicate":992}	-0.002531	0.002	ok	
994	{"replicate":993}	-0.001115	0.002	ok	
995	{"replicate":994}	-0.000925	0.002	ok	
996	{"replicate":995}	-0.001652	0.002	ok	
997	{"replicate":996}	0.000350	0.002	ok	
998	{"replicate":997}	-0.001493	0.002	ok	
999	{"replicate":998}	-0.000034	0.002	ok	
1000	{"replicate":999}	-0.002412	0.002	ok	
