repeat	fold	rung	n_actual	n_virginica	n_versicolor	dev_n	jaccard_dev_vs_declared	rows_sha256	row_ids
1	0	60	60	30	30	20	0.0526	ad41c09c7eec853cc5cd9fe0558b8d86105a90d91fefbbbc44b80b187191f1b6	0;2;3;7;9;11;13;14;17;18;19;20;21;22;24;25;26;27;28;29;31;34;36;37;38;40;41;42;43;47;50;52;54;55;56;58;60;62;63;64;65;66;67;70;71;72;73;76;78;79;81;85;88;89;90;91;93;95;96;99
1	0	45	45	22	23	20	0.0526	8e7c8c462fde0d48ded337c801e955895b00b0ed2e86263bcf802c00b23d27ad	0;2;3;7;11;13;14;17;18;19;20;25;26;27;28;31;36;37;38;41;42;43;47;50;52;54;55;56;58;60;63;66;67;70;72;76;78;79;81;85;88;91;93;96;99
1	0	30	30	15	15	20	0.0526	5d60a4d1225215cc101effbd972ef887796298b460b9f241b9be5613bbf6d7f3	0;2;13;18;19;25;26;27;28;31;37;38;41;42;43;52;55;58;60;63;66;70;72;76;78;79;85;91;96;99
1	0	20	20	10	10	20	0.0526	1fad02deb34fccce04a5f14ddc4b7a6a1c28220116b1162a7ac9a18e60eba8f0	0;13;19;26;31;37;38;41;42;43;52;55;60;70;72;76;79;91;96;99
1	0	12	12	6	6	20	0.0526	9a83718a82cf0a9cea8af0a0ed2b4dd1a35ecd77794ef9cc9437c8c06552d025	13;31;37;41;42;43;55;60;70;72;76;99
1	0	8	8	4	4	20	0.0526	05ff36578b483a8ed82b708976ad565567ba6862afdee27b18a72e9f3ee305fb	31;37;41;43;55;70;72;76
1	1	60	60	29	31	20	0.0811	e0c049c6df2b338e1d39582e5b17aadfe33a5df9d7a5990ae7891c023d614c53	3;4;5;7;8;10;11;13;14;15;16;17;18;20;24;25;26;27;28;29;30;33;35;36;37;38;39;41;42;43;49;50;51;52;53;54;55;58;63;65;66;67;69;71;73;76;77;81;82;84;85;89;90;91;92;93;96;97;98;99
1	1	45	45	23	22	20	0.0811	fdae38cf0227068947bcc0d865a9312a73cf66747503df9a12aeeacd2fef09c6	7;8;10;11;13;14;15;16;17;18;20;24;26;27;28;30;33;35;36;37;41;42;50;52;54;58;63;65;66;69;71;73;76;77;81;82;84;85;89;91;93;96;97;98;99
1	1	30	30	15	15	20	0.0811	c7cff3acc906dc29f1dd9e4b35ad968d557e08177f2b7c1c1ed58f930c936e05	7;8;10;13;14;18;20;24;27;30;33;35;37;41;42;50;52;54;58;65;71;73;77;81;82;84;85;91;98;99
1	1	20	20	10	10	20	0.0811	2bd2ef1af85b45601e11d4c2eef017f8e798cf4c77325fa04acd05dd734ddfbf	7;8;13;14;20;27;30;35;37;41;50;52;54;73;77;81;82;85;98;99
1	1	12	12	6	6	20	0.0811	b68dd2b05fb0135bfafe634e8c28546a4465c7ba2d316fe340d857f3ddac9f1a	7;13;20;30;37;41;52;54;77;82;85;98
1	1	8	8	4	4	20	0.0811	700366a7000b49a4da6a0782d6783762449acf16009a939a18354a2124ad66df	20;30;37;41;52;54;85;98
1	2	60	59	29	30	20	0.2121	759d744c8add3225f3c2fa9fa89337131f3da57b30542c028b8b912520116e26	0;2;4;5;7;8;9;10;15;16;17;19;21;22;25;27;29;30;31;33;34;35;37;39;40;41;42;43;47;49;51;53;56;60;62;63;64;65;66;67;69;70;71;72;73;76;77;78;79;82;84;88;90;91;92;93;95;97;98
1	2	45	45	22	23	20	0.2121	569e66751c5f916e4a3911f0fc035b97f404bbd06937e9a3ea7cfb9c1d9990cf	0;2;4;7;8;9;10;16;17;19;21;25;30;31;33;35;37;39;40;41;42;43;49;53;56;60;64;65;66;67;69;70;71;72;73;76;78;79;82;84;88;90;93;95;98
1	2	30	30	15	15	20	0.2121	d39d6a967bf09665e72441e7d703b52ac63024c788f68f48d111139f2b4e8b6d	2;4;8;9;10;16;21;30;31;35;37;39;41;42;49;56;60;64;65;66;67;69;70;72;78;79;82;88;93;98
1	2	20	20	10	10	20	0.2121	12da7f64b644575d3d8c9ae2127932db1ec6240e0b77fb4948ed886b60cb4153	2;4;10;16;30;35;39;41;42;49;56;60;64;65;67;69;70;72;93;98
1	2	12	12	6	6	20	0.2121	67ce610cff34abf1f46ff4f93adc714ac33d8468394ccf43bc914a3096e02259	2;4;10;35;42;49;56;60;64;67;70;98
1	2	8	8	4	4	20	0.2121	fe53eec6c697751c827ecff8b3d65ee3548452d3bd4aac58f6a17c63c75df53e	2;4;35;49;64;67;70;98
1	3	60	60	29	31	20	0.25	044f929a170ce485f5efd54853add8b1732050abe8d0e3f1fc284c06eb7386ac	0;2;3;4;5;8;9;10;11;13;14;15;16;18;19;20;21;22;26;28;30;31;33;34;35;36;38;39;40;47;49;50;51;52;53;54;55;56;58;60;62;64;69;70;72;77;78;79;81;82;84;85;88;89;92;95;96;97;98;99
1	3	45	45	23	22	20	0.25	bd32bf43f6294a6055139be0223436a1ce48097a79eedf623d94587741ccd18f	0;2;3;5;8;9;10;11;13;16;18;19;20;21;28;30;33;34;36;40;47;49;50;53;54;55;56;58;60;62;64;72;77;78;79;81;82;84;85;88;89;95;96;98;99
1	3	30	30	15	15	20	0.25	12c093b602d7bdacc1598e2de76fb2cd81f2864d41abb5e5346fa221ae87ffec	2;5;8;9;10;11;13;20;21;28;30;36;40;47;49;50;53;54;55;58;62;72;81;84;85;88;89;95;96;98
1	3	20	20	10	10	20	0.25	167f98e86db6a809ca9d191c4563d4eb7789669f0059af94c44f0820019a5d15	5;8;9;11;21;30;36;40;47;49;50;53;54;72;84;85;88;89;95;98
1	3	12	12	6	6	20	0.25	29f05aed82843be0ea85d285bf10081d52b4b3ba41f1902ba8d7e7845b70e86c	8;9;21;30;47;49;50;53;54;85;95;98
1	3	8	8	4	4	20	0.25	a9f89e936cc44bf3d697ecbf4e8baafc06f982dec6e941c80615780e658c724d	8;9;21;30;50;53;95;98
2	0	60	60	29	31	20	0.25	eb48f5e49853e58be8081a61b8c638ce7f33b6ef7512cb75918a87dc59ffa58f	0;3;4;5;7;10;11;13;14;15;16;17;19;25;26;27;28;29;30;31;35;36;37;38;39;40;41;42;43;47;49;50;52;53;54;56;58;60;62;63;64;65;66;67;71;72;73;77;78;79;81;82;84;85;88;91;95;97;98;99
2	0	45	45	23	22	20	0.25	5658442e627b3ea18b3a24cec1b9775b550f81d80ca1113d79568fb90fa11772	0;3;5;7;10;13;15;16;19;25;27;28;30;31;35;36;37;39;40;42;43;49;52;53;54;56;60;62;63;65;66;71;72;73;77;78;79;81;82;85;88;91;95;97;99
2	0	30	30	15	15	20	0.25	27c12e885a691852726161da8eecb47522e1d439d635fb06b1e03123d1108e84	3;5;7;10;13;16;27;28;30;31;36;37;40;43;49;54;60;62;63;66;71;72;73;77;78;79;85;88;91;95
2	0	20	20	10	10	20	0.25	adcaf4c1bea90d84c47df04e078317719bdec69ebcb0313285d51358517afcaa	5;7;10;13;16;27;36;37;43;49;54;60;62;63;66;71;77;88;91;95
2	0	12	12	6	6	20	0.25	f31c55712401656c9888d7a23ba5b6bdd65e9268551c4603d5db0f17a929371e	5;7;10;16;27;43;60;62;63;77;88;95
2	0	8	8	4	4	20	0.25	ddfc3ca5f528531bae5b5f2e337840ad93e38000ad3fbb6eef7764b0b9c6a612	5;10;16;43;62;63;77;95
2	1	60	60	30	30	20	0.0811	99449016156b11b069b8c6e10cc4b31f566adab1e48a38e8d484497a074d4e49	0;2;3;5;8;9;10;13;16;18;19;20;21;22;24;25;26;28;30;31;33;34;36;37;38;39;40;41;42;47;50;51;54;55;56;58;60;62;64;66;67;69;70;72;73;76;77;79;81;82;84;88;89;90;92;93;96;97;98;99
2	1	45	45	22	23	20	0.0811	2402277953e890a778140f73f7eddeab9cc5085374847839bd7e2f4bd6177211	0;2;3;5;8;9;10;13;16;18;19;20;21;22;25;26;28;33;37;38;41;42;47;50;54;56;60;62;64;66;67;70;72;76;77;79;81;82;84;88;89;90;93;96;97
2	1	30	30	15	15	20	0.0811	584dc596ec2bbc16eb6a4ca718444d90c53c5bded23da273d75addadeb17e29a	0;2;3;5;8;13;16;19;20;22;26;33;37;38;47;50;54;60;62;64;67;70;72;76;77;84;89;93;96;97
2	1	20	20	10	10	20	0.0811	7220b593e9821d047b3052d955b5e46f04dad78f8fe6b4ab8422f0660a2f9a9f	2;5;8;16;19;20;22;33;37;38;50;54;62;64;67;70;72;76;84;96
2	1	12	12	6	6	20	0.0811	1be83f394646e4211f3d797d5f1ecc12181d47e63d91b913c50c22f91041eda4	2;19;20;33;37;38;54;62;64;67;70;96
2	1	8	8	4	4	20	0.0811	a363014f5895d55497021764811dc9cc12405dac0b4f2d81a08021a68b764e6c	19;33;37;38;54;62;70;96
2	2	60	60	29	31	20	0.1429	88128be3b93795203200fc798f3f4f8f3abe4077a3c6df9b38f101683afc9315	0;2;4;7;8;9;11;14;15;16;17;18;20;21;22;24;25;26;27;28;29;31;33;34;35;40;41;42;43;47;49;50;51;52;53;54;55;58;63;64;65;69;70;71;73;76;77;78;82;85;89;90;91;92;93;95;96;97;98;99
2	2	45	45	23	22	20	0.1429	3845b4c3ad116a2858c9accad08464f93af8b2020922aa8ab30a95af7a5e96df	0;2;7;8;9;15;17;20;21;24;25;26;27;28;29;31;34;41;42;43;47;49;50;52;53;54;55;58;63;64;65;69;70;73;77;78;82;85;90;91;95;96;97;98;99
2	2	30	30	15	15	20	0.1429	373c8bded03ee9246cb59facd275bde92907f0699815ce575116a004f8daf41a	0;2;9;15;17;20;24;25;26;27;29;31;34;47;49;53;54;55;65;69;73;77;78;82;90;91;96;97;98;99
2	2	20	20	10	10	20	0.1429	b18e0a22847820b3e94c7c01e1d65da83df630d98a0a0a684f7528867fea8ddf	2;9;15;24;25;26;27;29;34;49;53;54;55;65;69;73;77;90;91;97
2	2	12	12	6	6	20	0.1429	e9085c6699a4a695d436b6c3ce1241693f3d015b33da9d85ae622a92832babbc	15;24;27;29;34;49;53;65;69;77;90;97
2	2	8	8	4	4	20	0.1429	138fa68a480f81813ec4e18e33cdb85cedfb8ef7c902d1d6136fdfe32e4d5697	15;29;34;49;53;69;90;97
2	3	60	59	29	30	20	0.1111	10c89985c5e8596f4db38849b1512d3319703e26c488dcf2240e879d3004cfc3	2;3;4;7;8;9;10;11;13;14;15;17;18;19;20;21;22;24;27;29;30;33;34;35;36;37;38;39;43;49;51;52;53;55;56;60;62;63;65;66;67;69;70;71;72;76;78;79;81;84;85;88;89;90;91;92;93;95;96
2	3	45	45	22	23	20	0.1111	2b715f9791f8a8f24635e8e957d52c5ab6f021e3a5bc1780a6036944b4ab150e	2;4;8;10;11;13;14;15;17;18;21;24;27;29;30;33;34;35;36;37;38;43;49;52;53;55;56;62;63;65;66;67;69;71;72;76;78;79;88;89;90;91;93;95;96
2	3	30	30	15	15	20	0.1111	ed74949f4ed357d3967b81c7268f4937539bb836fc1c28d1cc6f8f2839905d69	2;8;10;11;14;18;24;29;30;33;35;36;38;43;49;52;55;56;62;63;65;69;71;76;78;88;89;91;93;96
2	3	20	20	10	10	20	0.1111	741d847a73c47c4e78f485512cd7d3d0c2e5d6efe7bc0406595653de291c50bd	2;8;14;18;24;29;30;35;38;43;52;55;56;63;65;69;76;88;91;93
2	3	12	12	6	6	20	0.1111	2e3988c92ade0f73b85a5597ebe25d1032b3bd180bf17fdb003305fa564fc287	2;8;14;18;35;38;52;63;65;69;88;91
2	3	8	8	4	4	20	0.1111	bdaca2fee80fb6cc8185b6680c8b689bbdb0ba029998138a7e86ac25e6585cb7	2;14;18;35;52;65;69;91
3	0	60	59	29	30	20	0.1429	ef6efa58a07b9e32a6a17a5b6365dcb5988c96fe2a2a21b3b06dc5ad3b08c6c9	0;5;7;9;10;11;13;14;15;17;18;20;22;24;25;26;27;28;29;30;31;33;34;37;38;39;40;41;42;47;50;52;53;54;55;56;60;62;63;65;66;67;69;70;71;72;73;76;79;81;84;85;88;89;91;95;96;97;98
3	0	45	45	22	23	20	0.1429	c9cb0039d1535ec8397ae3393dffa79ea788720c5a9ec25c70350b24aa9d0769	5;7;9;10;13;14;15;18;20;22;24;25;26;27;28;29;30;31;33;37;38;41;42;50;52;53;55;56;60;62;65;66;67;69;70;71;76;81;84;88;89;95;96;97;98
3	0	30	30	15	15	20	0.1429	dce64f79f8f2d6df0714ca333f7679290d232a9d3cc74c4a6c3351c89aa4b209	7;9;10;13;14;15;20;24;26;28;30;31;33;38;41;50;53;55;65;66;69;70;76;81;88;89;95;96;97;98
3	0	20	20	10	10	20	0.1429	2ccc1b9f8ce0fe04785819fc1858114394125ce70bc7b6cde33e8dde24a8048d	7;13;14;15;24;26;30;31;38;41;50;53;66;70;76;81;88;89;95;96
3	0	12	12	6	6	20	0.1429	21d271dd861f16e03044095c0295e4395c94a6666bc2a39b8d05b0ba4e0e216b	7;13;15;24;31;38;50;70;76;81;88;96
3	0	8	8	4	4	20	0.1429	2883f1dfed0c57f564bbc4c1a9e51468538805060b0a8fc5357d4d5ece314a29	13;15;31;38;50;81;88;96
3	1	60	60	29	31	20	0.1111	779d5ae748db575958e27d3a6fb1587181d7b3a9e8d6a715e470c2a6dbb3ffa7	0;2;3;4;5;8;10;15;16;18;19;20;21;22;24;25;26;27;28;29;30;33;35;36;37;39;41;42;43;47;49;50;51;52;53;54;55;58;60;62;64;65;66;67;69;71;72;76;77;78;81;82;88;90;91;92;93;95;98;99
3	1	45	45	23	22	20	0.1111	c80204db52bf94d6ce3f4f83cb0122b12af150b4a2fb3bd412807b2c824f3a6c	0;2;3;4;5;8;10;15;16;18;19;20;22;25;26;27;28;36;37;39;41;49;50;52;53;54;55;62;64;65;66;67;69;71;72;76;77;78;81;82;88;90;95;98;99
3	1	30	30	15	15	20	0.1111	e4c5fdbadc6be9fa9988ab31f9bab38275ef20b5260bebb2161c6a07127c6bfb	0;4;5;8;10;15;18;19;20;25;26;28;36;39;41;50;52;55;65;66;67;69;71;76;78;81;82;90;98;99
3	1	20	20	10	10	20	0.1111	ab4bf5ace0e0c1991f87047c2e6897c2a52d451de9e7bf5b5dc08d5592f4dd3e	10;15;18;19;20;25;26;28;36;39;52;55;65;67;69;71;76;82;90;98
3	1	12	12	6	6	20	0.1111	6832cd78dacfdae86b4f1f54eae01055235fad072609aa9cbde565e54c9d2c5a	18;20;25;26;28;36;52;65;67;69;82;98
3	1	8	8	4	4	20	0.1111	1b2738a8c5922593a7e18a0447b5441c7d6cbbd0eb21e5d49bc6f17772556cc9	18;25;28;36;65;67;69;82
3	2	60	59	29	30	20	0.2121	82e3d374d60b9cc85567faba5cf8fc77a95ad4cf32c0da96490b350f822acbb7	0;2;3;4;7;8;9;11;13;14;16;17;18;19;20;21;22;25;27;28;30;31;34;38;39;40;41;43;47;49;51;54;55;56;58;63;64;66;69;70;71;73;76;77;78;79;81;82;84;85;89;90;91;92;93;96;97;98;99
3	2	45	45	22	23	20	0.2121	d611ea853a258437c1aca5e9fd5cfe53a347e7f7bb96ebd1df08e1b262b24fcc	2;3;8;9;13;14;16;17;18;19;20;21;22;25;27;28;31;34;38;39;41;43;47;54;55;58;66;69;70;71;76;77;78;79;82;84;85;89;90;91;93;96;97;98;99
3	2	30	30	15	15	20	0.2121	7fbfcd8a2b87afcec25dc8524a4ef3a772c608bf77ec31b3b693a1d0b8710527	13;14;16;19;20;21;22;27;28;31;34;38;41;43;47;54;55;66;71;76;77;78;79;84;85;91;93;96;97;99
3	2	20	20	10	10	20	0.2121	d92754a3d7066cfedc4e41cef29ed01415c98b102d02b2097cfb8151e20b3f80	13;14;16;19;20;21;28;38;41;47;54;66;71;77;78;79;84;85;96;97
3	2	12	12	6	6	20	0.2121	d701e04fef80ef276fe1782c0d515986626d96cb83ea00f23e145956d5194a09	13;14;16;19;28;38;77;78;84;85;96;97
3	2	8	8	4	4	20	0.2121	a8c0924be8d82a47e835d11cbe0fdaa58ccf4d492a2c34760433713b44b512a6	16;19;28;38;77;78;96;97
3	3	60	60	30	30	20	0.1111	9bc1a2618339a4680b76ce6705fdc83ce1ffd1b8b5676021026913cea1ad4f39	2;3;4;5;7;8;9;10;11;13;14;15;16;17;19;21;24;26;29;31;33;34;35;36;37;38;40;42;43;49;50;51;52;53;56;58;60;62;63;64;65;67;70;72;73;77;78;79;82;84;85;88;89;90;92;93;95;96;97;99
3	3	45	45	23	22	20	0.1111	041bb90cb5fc196cf0e3f4c4068fa79144389ab6fce2c4cb990cacea5a3c1a28	2;3;5;7;9;10;14;15;16;17;21;24;26;29;31;33;34;35;36;37;40;43;50;52;53;58;60;62;63;64;65;67;70;72;73;77;79;82;84;85;88;89;90;97;99
3	3	30	30	15	15	20	0.1111	5e063d72c360d8c20bf479ec81e782a30bd888e963ec7bdbc009f5370b5ccf1d	2;3;5;7;10;14;15;17;21;29;34;35;37;40;43;50;53;58;60;63;67;70;73;77;79;82;85;88;89;90
3	3	20	20	10	10	20	0.1111	de337ff6e18eedf4133aa4c3564b607bac33f794998d5fec5b97a57de3026184	2;3;5;10;15;21;34;35;40;43;50;53;58;63;70;73;77;82;85;88
3	3	12	12	6	6	20	0.1111	503064a976cfba8fcf55139b2cd65a93f1633904d8d88a997224b3aee5c348f0	3;10;21;34;40;43;50;53;58;70;73;77
3	3	8	8	4	4	20	0.1111	823779487abc750a1fe5dc1661bc31b99ad2fd8964bea7133515107f7b7447c1	10;21;34;43;50;53;70;77
4	0	60	60	30	30	20	0.0526	b35e8440a9753ef9030434a9f5af4f7db39ee235a6d8c8a91618896cc60389b8	0;5;7;8;9;10;11;13;14;16;17;18;19;21;22;24;26;28;30;31;33;36;37;38;40;41;42;43;47;49;50;52;53;54;55;58;60;62;63;64;67;69;70;71;72;73;76;78;79;84;85;88;89;90;91;93;95;97;98;99
4	0	45	45	23	22	20	0.0526	590613b416efc47a032165399f23ab7b7a696313e889ccd2a04dfa7f98dbf5c6	0;7;8;10;11;13;14;16;19;21;22;24;26;28;30;31;36;37;38;41;42;43;50;52;53;54;55;58;60;62;63;64;67;70;71;73;76;78;79;88;91;93;97;98;99
4	0	30	30	15	15	20	0.0526	6dc40bbc548f4527d52872a859a6f85af3442713716e534dc5a081b31aa6080d	0;10;11;13;14;16;21;22;24;26;28;31;36;38;42;50;54;55;60;62;63;64;70;71;73;78;79;91;93;98
4	0	20	20	10	10	20	0.0526	b4beaf8aa8724b429bb8cdba76b49b0ab495cc06c165431dacf4bf8448dffe0a	0;11;13;21;22;26;28;31;36;38;50;54;55;63;64;71;73;78;79;98
4	0	12	12	6	6	20	0.0526	10367d318ebd9569a8d1ae9915c1ce9006436b4ca80f23918bf8edca80d6d295	13;21;22;26;28;31;50;55;71;73;79;98
4	0	8	8	4	4	20	0.0526	5eadf0d20f00dc3ab16426c396d769428fbbd7c4f2af41a6b74594fcbab5113b	13;26;28;31;50;55;71;73
4	1	60	59	29	30	20	0.1429	9922f8c227f87f43aa7ba65d9cc477f738d83b78fc9c5c5bef9fc0952606223f	0;2;3;4;5;8;9;11;14;15;16;18;20;24;25;26;27;28;29;30;34;35;36;37;39;40;41;42;43;49;51;52;54;55;56;58;60;62;63;64;65;66;69;70;73;77;79;81;82;84;88;89;91;92;93;96;97;98;99
4	1	45	45	22	23	20	0.1429	7c30000948975f02735738f802b204ea680847e023c394e53f2ff90fd524cfa9	0;3;5;8;9;11;14;15;16;24;25;26;27;28;29;30;34;35;40;41;42;43;49;54;55;56;58;60;62;63;64;65;66;69;70;73;77;79;82;84;89;91;96;97;98
4	1	30	30	15	15	20	0.1429	51384a73b1d7bb79aa3ad6c9926ac4b52c5e24bda781cb246df1526074933f5c	0;3;5;8;9;14;15;24;25;26;27;34;42;43;49;54;55;56;58;62;63;64;70;73;79;82;84;89;96;98
4	1	20	20	10	10	20	0.1429	84ee28a40ead4b6630a455be635dcc49b784c5ecfc17053274700c7be7b03385	0;8;9;15;24;25;27;42;43;49;54;58;62;63;64;70;79;84;96;98
4	1	12	12	6	6	20	0.1429	b1ebae730067b413d8586011e58e8fb99a146535799679c631c567ac41e50c13	8;9;15;27;42;49;58;62;63;70;79;96
4	1	8	8	4	4	20	0.1429	0706897aa4faf6051d921d854765b500685527a86f467940b1774c6c21491153	8;9;42;49;58;63;70;79
4	2	60	60	29	31	20	0.1111	b40a3266d1d498a26db80319bcc7d8daf0fd072b9cf670e9111e14e51400ad15	2;3;4;5;7;8;9;10;13;15;17;18;19;20;21;22;25;26;27;29;30;31;34;35;37;38;39;40;42;43;47;50;51;53;55;56;58;60;65;66;67;69;71;72;73;76;77;78;81;82;84;85;90;91;92;93;95;96;98;99
4	2	45	45	23	22	20	0.1111	3c31c815d654bb41782d736ab4e022bcc9e54fb09ef7c71ea14bc25199be7329	2;4;5;7;9;10;15;18;20;21;22;25;29;31;34;35;37;38;39;40;42;43;50;53;55;58;60;65;66;67;69;71;72;73;76;77;78;84;85;90;91;93;95;96;99
4	2	30	30	15	15	20	0.1111	adb98bf106972aae8a2d7a7804a395307d0fb79fdc270d345a61d25ffe6bbe09	2;4;5;7;9;10;18;20;21;25;29;31;35;37;38;50;53;60;65;66;67;69;71;73;78;90;91;95;96;99
4	2	20	20	10	10	20	0.1111	c3f7b4d4e9aaad0ad7bdc858bfc1208c1c5aae127cdbdba6411236bb42d9c64f	4;7;18;20;25;29;31;35;37;38;50;67;69;71;73;78;90;91;96;99
4	2	12	12	6	6	20	0.1111	da5a2bf8dc2c25d283582c65bfcecef9225ffa12fd5f248462d28d407203cb35	18;25;29;35;37;38;50;71;73;91;96;99
4	2	8	8	4	4	20	0.1111	86e2c18d2e20b5eefc3c216de0c74ed6ff1c75a214a6ba4a3e5be17bc62e002f	25;35;37;38;50;71;91;99
4	3	60	59	29	30	20	0.2903	a94c98c2775d85a2233f18092fea041ee451130db910d4f2ca9f4a1ff4109f80	2;3;4;7;10;11;13;14;15;16;17;19;20;21;22;24;25;27;28;29;31;33;34;35;36;38;39;41;47;49;50;51;52;53;54;56;62;63;64;65;66;67;70;71;72;76;77;78;79;81;82;85;88;89;90;92;95;96;97
4	3	45	45	22	23	20	0.2903	afe99ccbb51e34957babe25df0a0886841016a1ba709ef0dcdda93f95f6a871b	2;3;4;7;10;11;14;15;16;19;20;21;24;25;27;28;31;33;34;35;36;39;47;50;53;54;56;63;64;65;66;67;71;72;76;77;78;81;82;85;88;90;95;96;97
4	3	30	30	15	15	20	0.2903	90be8492b5132264430276d7492868949d672ebda7889c66b809d8f12944a1a3	2;3;4;10;14;15;21;27;28;31;34;35;36;39;47;53;54;56;63;64;65;66;71;72;78;81;88;90;96;97
4	3	20	20	10	10	20	0.2903	47f65dbe7b15ff61a48b059127dc2d06ae71c8cfae0445d32e6b670da5986757	2;3;4;10;14;15;28;35;36;47;53;56;65;71;72;78;81;88;96;97
4	3	12	12	6	6	20	0.2903	1f5efb10ac5d694509a239b3a4ced8cf50f40124457c8050e959f281f55619c0	2;3;15;35;36;47;53;56;65;72;88;96
4	3	8	8	4	4	20	0.2903	9208f0874f8d5361bf343a8d225037d00ce6e8b8774671fd4636a8709c17ae25	2;3;35;36;53;65;72;88
5	0	60	59	29	30	20	0.0811	f6a292f6701b0b6ba62b87e1e08afe3c101ebc3d578fd8d5c6ed82e9d4ad9ea0	0;2;3;4;7;8;9;13;14;16;17;18;19;20;22;25;26;27;30;31;33;34;36;37;38;39;40;41;42;43;50;53;55;56;58;62;64;65;66;69;70;71;72;73;76;77;78;79;82;84;85;88;89;91;93;95;96;97;98
5	0	45	45	22	23	20	0.0811	1b1fb2fbbeba9324f9c0b20dc84a995735f67489aa4442a3be17c59569523c9f	2;3;4;7;9;16;17;18;19;20;22;25;26;27;30;31;34;36;37;40;41;42;43;50;53;55;56;58;62;64;69;70;71;72;76;77;78;82;84;85;88;91;95;96;97
5	0	30	30	15	15	20	0.0811	2d13d72a844399b8af4cfa4faf97d236db8ad6a60b315af3f4b9b739609da3d5	3;17;18;19;20;22;26;27;30;31;34;36;37;40;43;50;53;55;58;62;64;69;71;77;78;85;88;91;95;96
5	0	20	20	10	10	20	0.0811	0fbe9b7e6de9ff4385000d3e3b4ab9fc0343512f7c063cd6d7021a9dc1255a72	17;18;20;22;26;30;31;34;36;37;50;55;69;71;77;78;85;88;95;96
5	0	12	12	6	6	20	0.0811	76f0449a8af599956f21c51ee8ea81305c5e3c26e4964afdd1eac7b05416a877	18;20;26;30;36;37;50;55;85;88;95;96
5	0	8	8	4	4	20	0.0811	a20dcda379035976248a90d680231a5fc39e4d471edbe0adf75ce6acc3c34f30	20;26;36;37;55;88;95;96
5	1	60	60	29	31	20	0.25	3b57435cabdfaf3228754d959d23c5197a0db53eee86f1043ce9a8a6e6eefba7	0;4;5;7;8;9;10;11;13;15;17;19;20;21;24;25;26;28;30;31;33;35;36;37;38;39;40;41;43;47;49;51;52;53;54;55;56;60;62;63;64;66;67;69;71;76;79;81;82;84;88;89;90;91;92;95;96;97;98;99
5	1	45	45	23	22	20	0.25	2c1dbacbf696b923081e0cc3ab6e2b4a4f02274e6b29e9ca7278384f7d1f0103	0;5;7;8;9;13;15;19;20;24;25;28;31;33;35;37;38;39;40;43;47;49;52;53;54;55;56;62;63;64;66;67;71;76;79;81;82;88;90;91;95;96;97;98;99
5	1	30	30	15	15	20	0.25	9db4a033bdaf4e42a4e2f6a960d2a9a7514d902dde4de3fd103e3f8435a9e04c	5;7;9;13;15;24;25;28;31;33;35;38;39;40;49;52;53;55;62;64;66;71;76;79;81;82;90;97;98;99
5	1	20	20	10	10	20	0.25	8079e7897fdbe43a81783c584469afb05cc2c31ecd9007a09cbe1640db9bb24a	5;13;15;24;25;33;35;38;40;49;52;53;62;64;66;79;81;82;97;98
5	1	12	12	6	6	20	0.25	24c9e9752880029d0d63e23481d261010106cbe3adcb67260f18c36ddcc525f5	5;13;35;38;40;49;52;53;66;81;82;98
5	1	8	8	4	4	20	0.25	e781dd661ff73211451caae8eb1f30069fd3bb4182a874874b3ebed4fdb9ca0e	13;35;38;49;52;53;66;82
5	2	60	59	29	30	20	0.1765	d28933f72d7682a83bf1325a3e4fb743a28a26e69af9e20914b432f39adc657d	0;2;4;5;10;11;14;15;16;17;18;19;21;22;24;27;28;29;34;35;36;37;38;39;40;41;42;43;47;49;50;51;52;54;58;60;62;63;65;66;67;69;70;72;73;77;78;81;82;84;85;88;90;92;93;95;96;97;99
5	2	45	45	22	23	20	0.1765	49667ba4c5a30173161e20ca817e2c9c29601937f8a77f95a1c146d5574619ed	0;2;4;5;10;11;15;16;17;18;21;22;24;27;28;34;35;36;38;39;41;43;47;50;52;54;58;60;62;63;65;66;67;69;70;73;78;81;84;85;88;90;95;96;99
5	2	30	30	15	15	20	0.1765	e112470247ae497a2622507374e439ef88a1abb6cbfb7d38824e0fbaa63a80e3	4;5;10;11;15;16;17;21;22;28;34;35;36;39;43;50;54;58;60;62;63;65;67;70;73;78;81;84;85;88
5	2	20	20	10	10	20	0.1765	8b76cf60addb9c82b15ec749f40a0b8870b29cf17cd3defdc5cd79ff5b98defa	5;10;11;16;21;22;28;35;36;39;50;58;62;63;73;78;81;84;85;88
5	2	12	12	6	6	20	0.1765	0b2f12e857df15bc2bff998298e28878b1256a188766ae6b86fa59b29523c5b9	10;16;28;35;36;39;50;78;81;84;85;88
5	2	8	8	4	4	20	0.1765	5e83ab1082908819bddde634c8f969dda0c27f67dd40300d3304b1e0c181475c	10;16;28;35;50;84;85;88
5	3	60	60	30	30	20	0.0811	720e7b71a549b0e10aa4f21b09656abc122b9d3de1c86608d74730c780ee0a65	2;3;5;7;8;9;10;11;13;14;15;16;18;20;21;22;24;25;26;27;28;29;30;31;33;34;35;42;47;49;50;51;52;53;54;55;56;58;60;63;64;65;67;70;71;72;73;76;77;78;79;81;85;89;90;91;92;93;98;99
5	3	45	45	23	22	20	0.0811	9b5503fa765299ba848b9bc74a882227b84468647c38f84e59a7ef362947f095	2;7;8;9;10;11;13;14;15;16;18;20;22;24;25;28;29;31;33;34;35;49;50;52;53;54;55;56;58;60;63;64;65;70;71;72;73;77;78;79;85;90;91;98;99
5	3	30	30	15	15	20	0.0811	397d1290e1f0ca53aa2ad11a8a26b0e67016b1bee1aca5b5185a2b94c3a8deb2	2;8;10;11;14;16;20;22;24;25;28;29;33;34;35;53;54;55;56;63;65;72;73;77;78;79;85;91;98;99
5	3	20	20	10	10	20	0.0811	62d18cab190ad80d8b9088ecff1d97eb3bf92fd4a4e63a1ed60c1ac2472b0d8d	11;14;20;22;24;25;29;33;34;35;53;55;63;65;77;79;85;91;98;99
5	3	12	12	6	6	20	0.0811	1f77965b7c185333b76b055d548df51b6d6ca4b1d4af06badec055916db3450a	20;24;25;29;34;35;53;55;63;65;79;98
5	3	8	8	4	4	20	0.0811	dc1e788ba204558bb28bf9ce4c7ba9836470e8aabe96b5df5cb30cdb790cffa9	20;25;29;35;53;63;65;98
6	0	60	60	30	30	20	0.1111	4cfeb22429ca8d650b1e5e599958d301f673adcf681297fc87734fdd32eb915c	0;2;3;4;5;8;10;13;18;19;20;21;22;25;26;28;29;31;33;34;35;36;38;39;40;41;42;43;47;49;50;52;53;54;55;56;58;60;63;64;65;67;69;71;73;76;77;78;79;82;84;85;88;89;90;91;93;95;96;97
6	0	45	45	23	22	20	0.1111	2c7a832e6cf7fe7f7b715e9c2d09f1bc4b1e88cfe8bcb363e04503a056f69206	0;2;3;4;8;13;19;21;25;26;29;31;33;34;35;36;39;40;42;43;47;49;52;53;55;56;58;60;64;67;71;73;76;77;78;79;82;84;85;88;89;90;93;95;97
6	0	30	30	15	15	20	0.1111	4b1c2eceb72e4b3a9bcfcf2560b5585bb77d939fe70d316b5283416eb84ccec3	2;3;4;8;13;19;21;26;29;31;33;36;39;43;47;52;53;56;60;64;67;73;76;78;82;84;85;90;93;97
6	0	20	20	10	10	20	0.1111	da6de76db08df51488f2697188e40806bc8af8e71a89ec6b2eb11efb821f8226	3;8;19;21;31;33;36;39;43;47;52;53;56;60;64;73;76;85;90;97
6	0	12	12	6	6	20	0.1111	82e049208012e879da7e13a34ea9670f5e3b82de7703b443986e5dc33848047d	8;19;21;33;36;47;52;53;56;85;90;97
6	0	8	8	4	4	20	0.1111	41a37533d54e0978a532e8dd290ef3b9265a384341c91b1372fe7d982eba6ca8	8;19;33;36;53;85;90;97
6	1	60	59	29	30	20	0.1111	3f985e0790ae5fe7c1489d7e86e8076b7fba8cdba3aabc948e31729006f799d0	0;2;3;4;7;9;11;13;14;15;16;17;19;20;21;24;25;27;28;29;30;35;36;37;38;40;41;42;47;49;50;51;52;55;56;60;62;63;64;65;66;67;70;71;72;73;76;77;78;79;81;82;84;92;95;96;97;98;99
6	1	45	45	22	23	20	0.1111	3b5405fb76ae29e551cb8b2f216458adc55193342f3ac02d18f156c98a957c70	3;4;7;9;11;14;15;17;20;21;24;27;29;30;35;36;37;38;40;41;42;47;49;50;52;56;60;62;63;64;65;66;67;70;71;76;77;78;79;81;82;84;95;97;99
6	1	30	30	15	15	20	0.1111	fb1e59fbeaa3969de793d43dad2489e6a41d66edd8034f5ba48610475b81abce	7;11;14;17;21;24;27;29;36;37;38;40;41;47;49;50;52;62;63;64;66;71;76;77;79;81;84;95;97;99
6	1	20	20	10	10	20	0.1111	17fd746f02b8df172ed8fc05b4d867965cce5bd2402a5b79667317f1d5a4526d	7;14;21;24;29;36;37;38;47;49;50;62;63;64;66;77;79;84;97;99
6	1	12	12	6	6	20	0.1111	fc0545877b194a1e54eaa57ec600906a7c079efea50fd547d5de8efdd33235ec	21;24;29;37;38;49;50;62;63;64;79;99
6	1	8	8	4	4	20	0.1111	ce141f0000f2dd279db052f3f4da8a874b9573210c61454948de77f20104a7c3	24;29;37;49;50;62;63;64
6	2	60	60	29	31	20	0.1111	a799f60b72054e8ae48b0e4d76b0f12f98a5df42618cb69fb1ba46dc986d9c72	2;5;7;8;9;10;11;13;14;15;16;17;18;20;22;24;25;26;27;29;30;31;33;34;35;36;37;41;43;47;49;51;52;53;54;55;56;58;62;65;66;67;69;70;71;72;76;79;81;82;84;85;88;89;90;91;92;93;98;99
6	2	45	45	23	22	20	0.1111	857f0f7f4bb319cf7030e374a113cc37a6c2c06703d4f477bd1b173415b5f109	2;5;7;8;10;11;13;14;15;18;20;25;26;27;31;33;34;37;41;43;47;49;52;53;54;56;58;65;67;69;70;71;72;76;79;81;84;85;88;89;90;91;93;98;99
6	2	30	30	15	15	20	0.1111	3420afb2f0ff458abb89826c81282ca00ebe6c67701bf5a52a83ba639d21b25e	5;7;8;10;14;15;18;25;26;27;31;33;37;43;47;52;53;54;58;65;69;70;71;79;81;84;85;91;93;98
6	2	20	20	10	10	20	0.1111	a8a13d02a3cd3c4306801d427a764345cbcac2f470eb2ed05da3521ed96d3149	5;7;15;18;26;27;33;37;43;47;52;53;58;65;69;71;79;81;85;93
6	2	12	12	6	6	20	0.1111	2d707d4d593b4ac7a73d5b0d584520cc75ba533b2e966b1c041b06f86f2381ba	7;18;26;33;43;47;52;53;65;69;79;81
6	2	8	8	4	4	20	0.1111	17d16f391b61a376e7b039e99c663522b0f06cccdc96e6d20a5ea934215f803f	7;18;26;47;52;53;69;79
6	3	60	59	29	30	20	0.25	f72ec8526daff4e655da2559ca95cf2dfb2aaa1a33da51336050db3c8e763903	0;3;4;5;7;8;9;10;11;14;15;16;17;18;19;21;22;24;26;27;28;30;31;33;34;37;38;39;42;43;50;51;53;54;58;60;62;63;64;66;69;70;72;73;77;78;81;85;88;89;90;91;92;93;95;96;97;98;99
6	3	45	45	22	23	20	0.25	13648c49e0e19a5de7dc5fed8788b58e36f9c693e2305beae0153b8d9f2e930e	0;4;5;7;8;9;10;11;14;15;16;18;19;22;26;27;28;31;33;37;39;42;43;50;53;54;58;60;63;64;69;73;77;78;81;85;88;89;90;91;93;96;97;98;99
6	3	30	30	15	15	20	0.25	9ff06597482774edd6da1f7d21ef66ac421827f1230cdd2eb965c1e8267b9466	0;5;8;11;14;15;16;19;22;26;27;33;37;42;43;50;60;63;64;69;73;77;81;88;90;91;96;97;98;99
6	3	20	20	10	10	20	0.25	fbc4e5b0343cd18ba81121aed312f8e5689653a16782082721593c898cf36d9d	0;8;11;15;16;19;22;26;27;33;63;64;73;81;90;91;96;97;98;99
6	3	12	12	6	6	20	0.25	7ae90e2d2456df23177c20ff6253f1742b9cecb3000fccae434bec0dd115fc01	0;15;19;22;26;27;63;73;90;91;97;99
6	3	8	8	4	4	20	0.25	d2d6c02ef01a05e830c88e7f07499d25975901ae6724c2706dc1bdd79eaedcd5	15;19;26;27;63;73;91;97
7	0	60	59	29	30	20	0.2903	8ee9d8a46bf713ca52b2383534a25e65dd481e90e1a7dc0f06fa8c7c9aa0d240	0;2;3;7;8;10;11;13;15;16;17;18;19;20;21;22;24;25;26;29;30;31;34;35;37;38;40;41;43;47;53;55;56;58;60;62;63;65;66;67;69;70;71;72;77;78;79;81;82;84;85;88;89;90;91;93;97;98;99
7	0	45	45	22	23	20	0.2903	fcae2a75306b1ad3f13fae415492e26f6ff09293c0cde740ee2f7499ce9f74e3	0;2;3;7;8;10;11;13;16;18;20;21;22;24;25;29;30;31;35;38;41;43;47;55;56;58;60;62;63;65;67;69;70;71;72;77;78;81;84;89;90;91;93;98;99
7	0	30	30	15	15	20	0.2903	57ed32dc0a84c7fe3ab5e24e8a86ca55ce409666bee2258bc9dc24c3350b2573	0;2;3;8;11;13;16;18;21;25;29;35;38;41;47;55;56;62;63;69;70;77;78;81;84;89;90;93;98;99
7	0	20	20	10	10	20	0.2903	7bda20f7182f8406e4b78addda67f32f8fae483b68c603549fa7b2bbc296a0cc	0;3;11;13;16;18;25;35;41;47;56;62;63;70;77;81;84;89;90;99
7	0	12	12	6	6	20	0.2903	f8b116f0e901435663dfe10b7573f7e1f476bd340b0bcfa9dc6bd6a8a8966969	11;13;18;25;35;41;56;62;77;84;89;99
7	0	8	8	4	4	20	0.2903	214dbe1aa81062c077b88e217dfd05b2bd3bfc4c2283fce568611af1cab7fb0b	18;25;35;41;56;77;89;99
7	1	60	60	29	31	20	0.1111	d7f3a70756484250d7f1e8e8a40a29b2646b48cafd0d7912568dd278bf9d8466	4;7;8;9;10;11;13;14;16;17;18;19;20;22;24;25;26;27;28;29;30;33;34;36;39;40;41;42;43;47;49;50;51;52;53;54;55;56;58;62;63;64;72;73;76;77;78;79;81;85;88;89;91;92;93;95;96;97;98;99
7	1	45	45	23	22	20	0.1111	b43894a5c8315a8bc47efc411d6e6ce235b209f25cd1d189ac4d2a2cf7fe7dba	4;7;9;11;16;17;18;19;20;22;24;27;28;29;33;34;36;41;42;43;47;49;52;53;54;56;58;62;64;72;73;76;77;78;79;81;85;88;89;91;93;95;96;98;99
7	1	30	30	15	15	20	0.1111	642335073bd4708d9c1b0e72eed39ae9cfb4988f77d8ccee1fc0c2defe1c73e7	4;7;9;17;18;19;22;27;33;34;36;41;43;47;49;52;53;54;58;62;64;72;76;77;78;88;89;95;98;99
7	1	20	20	10	10	20	0.1111	395d0fad1af8b6a87e7a81aaffdf45acf65c8c2f258b020c114fb930f169411b	4;7;9;17;19;22;27;33;34;47;53;54;58;64;72;76;77;78;88;99
7	1	12	12	6	6	20	0.1111	db7a564e7de0a81ac8b68f89eb25a89b6184ef4bb275a957c0faaa549407afa7	4;7;19;27;34;47;54;64;76;78;88;99
7	1	8	8	4	4	20	0.1111	c54fb20bf71950f9c9c550a6d271dbd24f9c5d634dedf059b2fc579171d8d137	4;7;34;47;54;64;76;88
7	2	60	59	29	30	20	0.1111	229347be54a2b12102ec7593902787c27707bac64d6849b2ae4ff4d17ac1f560	0;2;3;4;5;7;8;9;13;14;15;16;21;22;24;26;28;29;31;33;35;36;37;38;39;40;42;43;47;49;50;51;52;54;58;60;64;65;66;67;69;70;71;73;76;79;81;82;84;85;88;89;90;92;93;95;96;97;99
7	2	45	45	22	23	20	0.1111	9fb781aa9a2e686eeef1139187c51368788e8ef0bee0265eae0a7655bc789e70	0;2;3;4;5;7;8;9;14;15;16;21;26;28;29;31;33;35;36;40;42;43;49;50;52;54;58;60;65;66;69;70;71;73;79;81;82;84;89;90;93;95;96;97;99
7	2	30	30	15	15	20	0.1111	718e7cc0dcfb091b14fba0daf6bae53ddf596a890400f621f81290ee12144de5	0;2;3;7;8;16;26;28;29;31;33;40;42;43;49;54;58;60;65;69;71;79;82;84;89;90;93;96;97;99
7	2	20	20	10	10	20	0.1111	d0febfe339a25a38c1252761d07098b14ab94f189a55b8bf32effe427bb770ae	0;2;3;8;26;28;29;31;33;42;54;58;60;71;79;89;90;93;96;97
7	2	12	12	6	6	20	0.1111	b7b34bda93e59b5da248b76c51c9d3b3c996cbe75b53eab96b2c0ea8bf6f595b	0;3;8;26;29;42;54;58;60;71;89;90
7	2	8	8	4	4	20	0.1111	2a871e2ae8c0601629b9e16958aabe5e168722f0f9c06fd721da68ef54609342	0;8;29;42;58;60;71;89
7	3	60	60	30	30	20	0.0811	4d1062df792e383fc3abc65061963b8e6b8d3020feac2cda20f61e0a7da64f78	0;2;3;4;5;9;10;11;14;15;17;18;19;20;21;25;27;28;30;31;33;34;35;36;37;38;39;41;42;49;50;51;52;53;54;55;56;60;62;63;64;65;66;67;69;70;71;72;73;76;77;78;82;84;90;91;92;95;96;98
7	3	45	45	23	22	20	0.0811	e43582c44bd01ac464111509ddb413eea778d212c963ea9ed59be2a1256dc88d	0;2;3;4;9;10;11;15;17;19;25;28;31;33;34;35;37;38;39;41;42;49;52;53;54;55;56;60;62;63;64;66;67;69;70;71;72;73;76;77;82;84;90;95;96
7	3	30	30	15	15	20	0.0811	91dbd8e51477e09d278bfbc4fbd9e49bf89db7da289eaa7ab7e3b4bca84fda61	0;2;9;10;11;15;17;19;28;35;38;39;41;42;49;52;53;55;60;62;63;64;70;72;73;76;82;84;90;95
7	3	20	20	10	10	20	0.0811	1d51d64ae10dea5c0a6ab8da2c9d52ff2379a8e57fcdc9125fb47c1e8f810aa4	0;2;9;11;17;19;38;41;42;49;55;60;63;70;72;73;82;84;90;95
7	3	12	12	6	6	20	0.0811	5cecc63ff1032713f85a270f1aff6b49029b17b41af811c33b8ac71f5caa653f	0;2;17;19;38;41;63;70;72;73;90;95
7	3	8	8	4	4	20	0.0811	bf587c3b86e00c8b4c30346f727919d50de948f95791d0b188deaaae199f21a9	2;17;19;38;63;70;73;90
8	0	60	60	29	31	20	0.1111	e230e6335058f1a187fba514c3b61edb4a2c2fd6656ab28792cad283ebf3873e	0;2;3;4;5;8;9;10;11;13;14;15;16;17;18;20;21;22;26;27;28;29;30;31;33;37;39;40;41;43;47;50;53;54;55;56;58;62;64;65;66;67;69;70;72;73;76;78;79;81;82;84;88;89;91;93;95;97;98;99
8	0	45	45	23	22	20	0.1111	3d9a0cedbee71fe6d1d4194d411d82ec41f5f42e99ad2e5580e12a4a024cc88e	2;3;4;8;9;11;13;14;15;17;20;21;26;28;29;30;31;33;37;39;40;41;54;55;58;62;64;65;66;67;69;72;73;76;78;79;81;82;84;88;89;91;97;98;99
8	0	30	30	15	15	20	0.1111	b2f92e1b3c171ac036988ba8961ad7ec75a10e4b4bc5cd5e0036493302608dea	2;3;8;13;14;20;21;26;28;30;31;33;37;40;41;55;62;64;65;66;67;73;78;82;84;88;89;91;98;99
8	0	20	20	10	10	20	0.1111	5888e3577d4c997ac60fe4e1b1f0124aa7743c65b12db3290cca3edcb2e1cc46	2;3;13;14;26;28;30;31;33;41;55;62;64;65;66;67;73;82;88;98
8	0	12	12	6	6	20	0.1111	1603396c7fe3220b3eee86b869ef8f4d585c71f3f541f6d80972a42f0c14095d	2;3;13;28;31;33;62;64;65;66;73;88
8	0	8	8	4	4	20	0.1111	c4d8425c1821dbb99ef1525e2171c440612445ccfa8683fbc49cc9a9800c5a2a	3;13;28;33;62;64;66;73
8	1	60	59	29	30	20	0.0526	56684f5376cc927382cf1e768cc9868602bce0cf2ca3d0efc5159fe26ae342c9	0;2;5;7;8;9;11;14;15;17;18;19;20;22;24;25;26;29;31;33;34;35;36;38;40;41;42;43;47;49;50;51;52;53;54;55;56;58;60;63;64;65;67;70;71;73;76;77;84;85;88;89;90;91;92;93;96;97;98
8	1	45	45	22	23	20	0.0526	8d22fd2ee5782c3e32e6a026944aeab1d1fc875edde6d60b7ca0810fe4fa64a7	0;5;7;9;11;14;15;17;18;19;20;22;24;25;26;29;31;35;38;40;42;43;47;50;52;54;55;56;60;63;64;65;67;70;71;73;76;77;84;85;88;89;91;93;96
8	1	30	30	15	15	20	0.0526	537630847dc0c20aefefd96714e6417f8207031487a72806c7d73e413047abb1	0;5;7;9;11;17;18;20;22;25;29;35;42;43;47;50;52;54;56;60;64;65;67;70;71;73;76;84;85;96
8	1	20	20	10	10	20	0.0526	59b0f524336cbc5d86c9c3b2286cd29b8bea402b264d98433f1ea7b79be3448f	0;5;7;9;17;20;22;29;35;43;50;52;54;56;60;64;67;73;76;84
8	1	12	12	6	6	20	0.0526	52278cc6e087cc6b6cf2846920cb317d188b7a7ae1dd4f1035c724e822c1e2a3	0;7;9;20;22;43;52;54;56;67;73;76
8	1	8	8	4	4	20	0.0526	1e14a4be8df883cdc9e08081e40f36b217970114775d310aba9db18c85ee81c5	0;9;22;43;52;54;56;67
8	2	60	60	30	30	20	0.1765	893fbad783e40c32b69277c1598e76f020efe81d4c527839a6ed92a1d22aa2aa	0;3;4;7;8;9;10;11;13;14;16;17;18;19;20;24;25;26;27;28;30;34;35;36;37;38;39;40;42;49;51;52;53;55;56;58;60;62;63;64;65;66;67;69;70;71;72;77;78;79;81;82;85;88;89;90;92;95;96;99
8	2	45	45	23	22	20	0.1765	bf391e2ac737bf53515b5d8dcda106efd7783b63a243ef0043be329e4dea630a	0;3;4;7;8;9;11;16;17;18;19;20;24;25;26;28;34;35;38;39;40;49;52;53;56;58;60;62;63;65;66;69;71;72;77;78;79;81;82;85;88;90;95;96;99
8	2	30	30	15	15	20	0.1765	5e8826bdf8a47526b6b1069d32f67f4009484ebbcca1fe75af40628b4c36fea9	3;4;9;11;17;19;20;24;26;28;34;35;39;40;49;56;58;60;62;63;69;71;77;79;81;82;85;88;96;99
8	2	20	20	10	10	20	0.1765	d0260a35368f53d7275b3f944fe71f07849d12016d030d6dbbb8f2f719b0743a	3;4;9;11;17;19;20;26;28;40;56;58;62;63;69;82;85;88;96;99
8	2	12	12	6	6	20	0.1765	ef3e30de5ba967b5ea85e6c5d051898d5e6c7dcb07c6a8369165d7944507a108	4;11;19;20;26;40;56;58;63;69;85;88
8	2	8	8	4	4	20	0.1765	e743fcae6615b02fd4992ff289da77feb9509d529d350677e79a1e322e9e3f28	4;19;20;26;56;69;85;88
8	3	60	59	29	30	20	0.25	4f680fa25fe86b9c4068820cbfeb562599776542e8b2aa01e7ebb732f68f6a2c	2;3;4;5;7;13;15;16;19;21;22;24;25;27;28;29;30;31;33;34;35;36;37;38;39;41;42;43;47;49;50;51;52;54;60;62;63;66;69;71;72;73;76;77;78;79;81;82;84;85;90;91;92;93;95;96;97;98;99
8	3	45	45	22	23	20	0.25	209cb4d3a4e56adcfb4245d0013abe0df1f9b4bb18594b101a697da33f7a7e58	3;4;5;7;16;19;21;22;24;25;27;28;30;33;34;35;36;37;38;39;41;47;49;52;54;60;62;63;69;71;72;73;77;78;79;81;82;84;85;90;91;93;95;96;97
8	3	30	30	15	15	20	0.25	15a1e1b8207fbe90a1a4276a8c75fcc02ef257e5ca1eb4b3a1b5c980e7cab8d0	3;4;7;16;19;21;22;25;28;30;33;34;35;36;49;52;54;60;63;69;77;78;81;84;85;90;93;95;96;97
8	3	20	20	10	10	20	0.25	240f74eea8330ce6b88684d56fd2a67078baa11fd4c30218bfc5d379027564f6	4;7;16;19;21;22;28;30;34;49;52;54;60;63;69;77;78;81;95;97
8	3	12	12	6	6	20	0.25	b46ac151ab9947b310ad6ee3211a055831ef452a1f22ac463852d19f11b328fa	4;19;22;28;30;34;52;54;60;63;78;81
8	3	8	8	4	4	20	0.25	f0a09f11143f6eb72364161e94c12de8e65a99905559ab99fa52e4df86a3e41b	19;28;30;34;52;54;60;78
9	0	60	59	29	30	20	0.1429	80f3e8b494ea4dd1ddf80e56bf13e9e7f414315f25ae6384c601d45f14166fa3	0;3;4;5;7;9;10;11;13;14;15;16;17;18;19;21;22;26;29;30;33;34;35;37;38;39;40;41;47;49;50;52;53;55;56;58;60;62;63;64;65;66;67;69;70;71;73;77;78;79;81;84;85;88;90;91;93;95;99
9	0	45	45	22	23	20	0.1429	9c44b75f6a54cd970c6d0cfae258771f9105c5d0ae0f830a8e54e39ef0ea19cb	3;4;7;9;10;13;14;15;16;18;19;21;22;26;29;33;34;35;38;39;41;47;49;50;52;55;56;58;60;62;63;64;65;66;69;70;77;78;79;81;85;88;90;91;95
9	0	30	30	15	15	20	0.1429	b4c16d9fb93d195cd54c75ad8e5dbf18f07d76290ad314210c331221e027cf93	3;4;7;9;13;14;16;19;21;26;35;38;39;41;47;50;52;55;60;63;65;69;70;77;78;81;85;90;91;95
9	0	20	20	10	10	20	0.1429	eebfd5371201d5359b024652fb78b17399b9c776852d985944cb3e07c8a5d92d	3;4;9;14;16;19;21;35;39;47;55;60;63;65;69;70;78;90;91;95
9	0	12	12	6	6	20	0.1429	6002efb88806767b62c5a7e1395567963a8f269d79ef7f85aa0407e5250778cd	3;14;19;21;35;39;55;63;65;69;90;91
9	0	8	8	4	4	20	0.1429	e73dc90af9cc74929dcdcffa3d18a34771e4cc3bc074ba9e6ffed28c524e886d	3;14;35;39;65;69;90;91
9	1	60	60	29	31	20	0.1111	3add96229f296c33fb68a6cfc819d6142882bbb1e7eae3246b43256ae8cf177c	0;2;3;5;8;9;10;11;13;14;15;16;17;24;25;26;27;28;29;30;31;33;34;36;37;39;40;41;42;43;49;50;51;52;53;54;55;56;58;65;66;69;70;72;73;76;78;82;84;85;89;90;91;92;93;95;96;97;98;99
9	1	45	45	23	22	20	0.1111	3be2a5a442191ebaa798ed07b8e6a9fe66b1ff73fff96df99c2fba6a37b3d8f8	0;2;3;8;9;11;13;14;16;26;27;29;30;31;33;34;37;39;41;42;43;49;50;52;53;54;58;65;66;69;70;72;73;76;78;82;85;89;91;93;95;96;97;98;99
9	1	30	30	15	15	20	0.1111	4a088cc085b9c071fc433550994878c64d10a1bc148d778a16bc91cb7e88dd18	0;2;3;8;9;11;14;16;29;30;31;39;42;43;49;50;52;53;58;65;66;69;73;76;78;82;85;95;96;98
9	1	20	20	10	10	20	0.1111	6f623baa1ecbc23cfdc90a57322f5fd8c819044bf5eb1149cf921896428af39f	0;3;8;14;16;29;30;31;39;42;52;53;58;66;73;76;78;85;95;98
9	1	12	12	6	6	20	0.1111	dd807bac200a7fa18169e9d35eb83051cbc2f494c30044f1c94a0b7332e87498	0;8;14;16;29;31;52;58;66;73;85;98
9	1	8	8	4	4	20	0.1111	4a5a9803bc856eef03ccc4eb4e02b6ea6da7dc96dcd6d3fb459ec1ad83217598	14;16;29;31;52;58;66;85
9	2	60	59	29	30	20	0.1765	63d6e0c392773edab2b74ff6973e7989f5745a0c1c2a5d07e9779826b843792d	0;2;4;5;7;8;9;13;16;18;19;20;21;22;24;25;26;27;28;31;35;36;37;38;39;41;42;43;47;49;50;51;53;54;56;60;62;63;64;67;70;71;72;73;76;77;78;79;81;82;85;88;89;91;92;93;96;97;98
9	2	45	45	22	23	20	0.1765	9e99db7d3acf96fe1b1b11bdf4526e2b459c31c375b821886a3cf5dd18897c95	0;2;4;5;7;9;16;19;20;21;22;24;25;26;28;31;35;36;38;41;43;47;49;50;54;56;60;62;63;64;67;70;71;72;73;76;77;78;79;82;85;88;96;97;98
9	2	30	30	15	15	20	0.1765	0f2228b1229932fa1d4781b4dea051aa1a3aa1697abbe989885349df22b4fb4e	0;2;4;7;9;16;21;24;25;26;28;35;36;41;47;50;56;62;64;67;70;71;72;73;76;77;79;82;88;97
9	2	20	20	10	10	20	0.1765	f593b6544342c7851c35ba6b566bce00a07e3d9c9505a502fbdbad5bdcd75f57	0;2;4;9;16;21;24;25;26;47;50;56;62;70;72;73;77;82;88;97
9	2	12	12	6	6	20	0.1765	82041e692a1f28809259f2924b048898342803e8a30232dec277817b9acae320	0;2;9;16;21;24;62;70;73;77;88;97
9	2	8	8	4	4	20	0.1765	6a859e8d954302da8b67fb0dd8d986d17d5c8b6d7bcb891a8291179122a749b0	0;2;9;21;73;77;88;97
9	3	60	60	30	30	20	0.1429	d25636dc9e86c08db59ae7aebd0fc21468aa8478c1b94c01baf0f49b316232b2	2;3;4;7;8;10;11;14;17;18;19;20;21;22;24;25;27;28;29;30;31;33;34;35;36;38;40;42;43;47;51;52;54;55;58;60;62;63;64;65;66;67;69;71;72;76;77;79;81;82;84;88;89;90;92;95;96;97;98;99
9	3	45	45	23	22	20	0.1429	f72c6b1cd007bf12335133a889876b588112bd95aab671a49bdbbd2656acccb3	4;7;10;14;18;19;20;21;22;24;25;27;29;30;31;33;34;35;40;42;43;47;52;55;58;62;63;64;65;66;67;69;72;76;77;79;81;82;84;89;90;95;97;98;99
9	3	30	30	15	15	20	0.1429	bfbb787e67e4539276c5998052a1883a17885749a8992e8d8337a8605d0fb79a	4;7;10;14;19;21;24;27;29;33;34;35;40;42;43;52;55;63;64;65;72;76;77;79;81;89;90;95;98;99
9	3	20	20	10	10	20	0.1429	174c13d465cecac31b645dd3feffa816814a29093eec7170c449a902124ed800	7;14;19;21;27;33;34;40;42;43;52;55;63;65;76;77;79;89;90;95
9	3	12	12	6	6	20	0.1429	0266756828fec52f551c05946540d367108746fc43ef5b1185de4029be508847	7;21;27;33;40;43;52;55;65;76;77;89
9	3	8	8	4	4	20	0.1429	8da1e2a1e99906583636d3c58cd93c7cff9be6a0eb704d858d159d65b6ab7e92	21;27;40;43;52;55;77;89
10	0	60	60	29	31	20	0.1765	5ea07dbdd560eaf7b8f096712c683fce624f06d028bd8b3ead266986c6ada6d0	0;2;4;5;9;10;11;13;14;18;19;20;21;22;24;25;26;27;28;29;30;33;34;37;38;39;40;41;42;43;49;50;54;56;58;60;62;64;65;66;67;69;70;71;72;73;78;79;81;82;84;85;88;89;91;93;96;97;98;99
10	0	45	45	23	22	20	0.1765	ee76d17698c38851ea168a62c0629861c4f4c39e1c4fd37a62b1ee7cc3c2b508	0;2;4;5;9;10;13;14;19;20;25;27;28;29;30;37;38;39;41;42;43;49;50;54;56;58;62;65;67;69;71;72;73;78;79;81;82;84;85;88;89;91;96;97;99
10	0	30	30	15	15	20	0.1765	b68f310ec34d686550b41087c326977f8098a7055e3f6cc5f20b1ccbed29f9f9	0;2;5;9;10;13;20;25;29;30;38;39;41;42;49;50;54;58;62;67;69;72;78;79;81;82;85;89;96;97
10	0	20	20	10	10	20	0.1765	cf1bb85ee1ccbd337b510bfb2aeb0e2826699270da80270d12cf9297cac31596	0;2;5;9;10;30;38;39;41;49;50;54;67;72;81;82;85;89;96;97
10	0	12	12	6	6	20	0.1765	8313eaedb071ff6405b3c040a6d7f4d52c672f527732260043a5c3e8d4457311	2;5;9;30;38;41;50;54;81;82;89;96
10	0	8	8	4	4	20	0.1765	dcad9c500a73591077a842b2b58e84749338e36b3624ef429c20f097c326a72e	2;5;38;41;50;54;81;82
10	1	60	59	29	30	20	0.0811	8d95a435f324abcd45905df8ab8b98484d7d0afffc3688be460c0b2ae1b12f0b	0;3;4;7;8;9;13;15;16;17;18;20;21;22;24;27;28;29;30;31;33;34;35;36;37;39;41;42;47;49;51;52;53;54;55;58;62;63;64;66;69;70;72;73;76;77;79;84;85;88;89;90;91;92;93;95;97;98;99
10	1	45	45	22	23	20	0.0811	ce5fcbea9ff2427115b4bce97738aadb3f0c2a0b05280b2c774c0cd01b275742	0;3;7;9;13;16;17;18;20;21;22;24;28;29;30;34;35;36;37;41;42;47;49;53;54;58;62;63;64;66;69;70;72;73;76;79;84;85;88;89;93;95;97;98;99
10	1	30	30	15	15	20	0.0811	5adf4f6de6073f18329533f9d2d761e3e2d806c9836b18e8624aabf4108f5840	0;3;7;13;16;17;18;21;22;24;30;37;41;42;49;53;54;58;62;63;64;69;72;73;76;89;93;97;98;99
10	1	20	20	10	10	20	0.0811	9d8765e05f2357dbe98aab97910a4e7b8417fd381b3767c43f3baecab9ff3613	0;3;7;18;21;22;24;30;37;41;53;58;62;63;64;69;76;89;93;99
10	1	12	12	6	6	20	0.0811	a73cdaf9c6bccc8fc6e5a660419fc02bc192042fe9525eeeae3a429d3ad5ec43	3;18;21;30;37;41;58;63;64;69;76;99
10	1	8	8	4	4	20	0.0811	54d7bbe20013523da1072f4b7cd5e4a722733d0adbd4cde6c26a8f59d241ddc6	3;18;30;41;58;64;69;99
10	2	60	60	29	31	20	0.1111	f0b1b0fc05c455224a4b47032b2598b1b3da36f4ffa3bb5dac26892e3c82b6ee	2;3;4;5;7;8;9;10;11;14;15;16;17;18;19;20;21;25;26;27;30;31;33;34;35;36;38;39;40;43;47;50;51;52;53;54;55;56;60;63;65;67;69;70;71;72;73;76;77;78;81;82;84;85;90;91;92;93;95;96
10	2	45	45	23	22	20	0.1111	a59a3ba7c1b5fdbd328d5bdf85d5b1ade083bd1e0dbbe14b10a7bed7158b128b	2;3;4;7;8;9;10;15;16;17;19;20;25;27;31;33;34;35;39;40;43;47;50;52;53;54;55;56;60;65;67;69;70;72;73;76;77;78;82;84;85;90;93;95;96
10	2	30	30	15	15	20	0.1111	78bbbfba5f44d99303318222fe48c19b943e24532cdc1531174c76c46835722e	2;3;4;9;10;16;19;25;27;31;34;35;39;43;47;50;52;53;54;55;56;60;65;69;72;73;76;78;90;93
10	2	20	20	10	10	20	0.1111	eb5d4c4ddc8e56fe9fe4f84c86f33ae32b6679220873bd88146d7997bdcd6435	3;9;16;25;27;31;34;39;43;47;52;53;54;55;56;65;69;72;73;90
10	2	12	12	6	6	20	0.1111	86ea7b01c7c27cc99e4c19c6279febc8ed8385bdf53b542dff016b63ca8354fa	9;16;25;31;39;47;52;54;55;65;72;73
10	2	8	8	4	4	20	0.1111	bf63ceb77863cdc853f32cdb91bd787540a710f9415dbc28f7e8aebbc308cc3f	9;16;39;47;52;54;65;73
10	3	60	60	30	30	20	0.2121	cdf11173c54b19526dcce5822e925a4bdf22083df6189dfc054f7c91f235daca	0;2;3;5;7;8;10;11;13;14;15;16;17;19;22;24;25;26;28;29;31;35;36;37;38;41;42;43;47;49;50;51;52;53;55;56;58;60;62;63;64;65;66;67;71;76;77;78;79;81;82;88;89;90;92;95;96;97;98;99
10	3	45	45	22	23	20	0.2121	a630729c704926253653be65ea0c261c6ec74638c7ff57d5be5ebc3f55171b30	0;2;3;5;7;8;10;13;14;15;16;17;19;22;25;28;29;36;37;41;42;43;49;50;52;53;55;56;58;60;63;65;66;77;78;79;81;82;88;89;90;95;96;98;99
10	3	30	30	15	15	20	0.2121	7030283913a861a43b2f833ff9fa105c5020213243358631d85f2c314dd01f1b	2;3;7;14;15;16;17;22;25;28;29;41;42;43;49;52;56;58;60;63;65;66;77;78;79;88;89;95;96;99
10	3	20	20	10	10	20	0.2121	01834012b632b61bc0f76f74af3edf72da2e5b21de3f9b5134922bf2349e1ad8	2;3;14;15;22;25;28;29;41;49;56;58;60;63;65;66;79;88;89;99
10	3	12	12	6	6	20	0.2121	795271404b7129c6a386578dcc1a74d1ee16a201fe07ad3a2b71c7faecfab668	3;14;15;25;41;49;56;58;60;65;66;88
10	3	8	8	4	4	20	0.2121	f3c0459e36bd2a9329eea9a529e95eb465dcd4771a6338736023a5133905b797	3;25;41;49;58;65;66;88
