dgp	n	model	k_effective	irr	bias2	var	total	check_abs_err	mc_se
G1-linear-match	8	lda	100	0.11128534337646016	0.0015624947285278962	0.04003023838899379	0.15287807649398186	0.0	0.004049671997323616
G1-linear-match	8	slda	100	0.11128534337646016	0.0010557683922429242	0.0355802217236283	0.14792133349233139	0.0	0.0034812059379981664
G1-linear-match	8	qda	100	0.11128534337646016	0.005621393003951744	0.06801410622891102	0.1849208426093229	2.7755575615628914e-17	0.005059707441555718
G1-linear-match	8	logit_l2	100	0.11128534337646016	0.023720097304271555	0.014332811898352275	0.14933825257908398	2.7755575615628914e-17	0.0024726473790463712
G1-linear-match	8	svm_rbf_platt	100	0.11128534337646016	0.07016444117882728	0.033140779082844615	0.21459056363813203	2.7755575615628914e-17	0.006493458283139604
G1-linear-match	8	hgbt	100	0.11128534337646016	0.13871465662353982	0.0	0.25	0.0	0.0
G1-linear-match	12	lda	100	0.11128534337646016	0.0008440343699243477	0.028780935269502386	0.14091031301588694	2.7755575615628914e-17	0.003516580752490151
G1-linear-match	12	slda	100	0.11128534337646016	0.0005044760134075913	0.025230106606059483	0.13701992599592724	0.0	0.002991390858151926
G1-linear-match	12	qda	100	0.11128534337646016	0.0032748266209577472	0.04259625477885218	0.1571564247762701	0.0	0.0034864623298659116
G1-linear-match	12	logit_l2	100	0.11128534337646016	0.015961564737632307	0.01194308826548044	0.13918999637957288	2.7755575615628914e-17	0.002225888059832502
G1-linear-match	12	svm_rbf_platt	100	0.11128534337646016	0.037830262581742116	0.026404826140833525	0.1755204320990358	0.0	0.0031910614214862797
G1-linear-match	12	hgbt	100	0.11128534337646016	0.0051168429932238225	0.06410523110405923	0.1805074174737432	2.7755575615628914e-17	0.005075605092595022
G1-linear-match	20	lda	100	0.11128534337646016	0.00043257003032852286	0.016861005382810657	0.12857891878959934	0.0	0.0015894177804806025
G1-linear-match	20	slda	100	0.11128534337646016	0.0003050549387198911	0.013581706446272587	0.12517210476145266	2.7755575615628914e-17	0.001500428249956404
G1-linear-match	20	qda	100	0.11128534337646016	0.0012613790086437979	0.023840652017510185	0.13638737440261417	2.7755575615628914e-17	0.002200549454675383
G1-linear-match	20	logit_l2	100	0.11128534337646016	0.009739641723940734	0.008037230770727193	0.1290622158711281	0.0	0.001330896041371089
G1-linear-match	20	svm_rbf_platt	100	0.11128534337646016	0.01972776479053071	0.020187763653332226	0.1512008718203231	0.0	0.0025698030689500044
G1-linear-match	20	hgbt	100	0.11128534337646016	0.0019289295565504555	0.07094084450241359	0.18415511743542423	2.7755575615628914e-17	0.003711343679247154
G1-linear-match	30	lda	100	0.11128534337646016	0.0003338469378738114	0.011703059650170232	0.12332224996450422	2.7755575615628914e-17	0.0012549817910183874
G1-linear-match	30	slda	100	0.11128534337646016	0.0001025610231887838	0.009473778341199793	0.12086168274084873	1.3877787807814457e-17	0.0008370500436600424
G1-linear-match	30	qda	100	0.11128534337646016	0.0006523842997284143	0.015519676510750745	0.1274574041869393	2.7755575615628914e-17	0.0013310772692183043
G1-linear-match	30	logit_l2	100	0.11128534337646016	0.006749192787510487	0.0065855755655515385	0.12462011172952218	0.0	0.0009728152875518344
G1-linear-match	30	svm_rbf_platt	100	0.11128534337646016	0.014934563883782013	0.01850118826594373	0.1447210955261859	2.7755575615628914e-17	0.0023507828644813676
G1-linear-match	30	hgbt	100	0.11128534337646016	0.0008966299220518937	0.07008994341889013	0.18227191671740217	0.0	0.002411899153875647
G1-linear-match	60	lda	100	0.11128534337646016	0.00011712452675577334	0.003962506910707804	0.11536497481392376	1.3877787807814457e-17	0.00029282467662169765
G1-linear-match	60	slda	100	0.11128534337646016	0.0001698809852335849	0.003151536549528324	0.11460676091122206	1.3877787807814457e-17	0.0002631748478493859
G1-linear-match	60	qda	100	0.11128534337646016	0.00016870310285032296	0.005114961953902049	0.11656900843321254	1.3877787807814457e-17	0.00037886664595702854
G1-linear-match	60	logit_l2	100	0.11128534337646016	0.0022563556100396428	0.002733427386873993	0.11627512637337381	1.3877787807814457e-17	0.00030000968421396826
G1-linear-match	60	svm_rbf_platt	100	0.11128534337646016	0.006179086370129149	0.010491266814543255	0.12795569656113254	2.7755575615628914e-17	0.0007289798441802284
G1-linear-match	60	hgbt	100	0.11128534337646016	0.0006290670563338817	0.04909942905932008	0.16101383949211415	2.7755575615628914e-17	0.0017016267885943508
G1-linear-match	120	lda	100	0.11128534337646016	3.357898003891892e-05	0.0027982844895652003	0.11411720684606431	2.7755575615628914e-17	0.00024729455616675876
G1-linear-match	120	slda	100	0.11128534337646016	7.602162915642168e-06	0.0019954970369095155	0.11328844257628536	2.7755575615628914e-17	0.00015161529433039975
G1-linear-match	120	qda	100	0.11128534337646016	5.9358923606227e-05	0.0034763230051328455	0.11482102530519925	1.3877787807814457e-17	0.00025721027236683813
G1-linear-match	120	logit_l2	100	0.11128534337646016	0.0009140459137377637	0.0024084619400916267	0.11460785123028958	1.3877787807814457e-17	0.0002601870733637784
G1-linear-match	120	svm_rbf_platt	100	0.11128534337646016	0.004124352097071024	0.00743221819930426	0.12284191367283544	1.3877787807814457e-17	0.0004994904970092044
G1-linear-match	120	hgbt	100	0.11128534337646016	0.0002848224031051838	0.03259437857414277	0.14416454435370812	0.0	0.001022518931115667
G1-linear-match	500	lda	100	0.11128534337646016	3.3323433984678666e-06	0.0005487448433891167	0.11183742056324775	0.0	4.5490248509102626e-05
G1-linear-match	500	slda	100	0.11128534337646016	2.4507187112096973e-06	0.0004145245263702654	0.11170231862154165	0.0	3.18851630319923e-05
G1-linear-match	500	qda	100	0.11128534337646016	8.599925182850328e-06	0.0007068165025438253	0.11200075980418685	1.3877787807814457e-17	4.6359788841855506e-05
G1-linear-match	500	logit_l2	100	0.11128534337646016	5.393856253492332e-05	0.0005467972721057124	0.11188607921110082	1.3877787807814457e-17	4.8246057573675e-05
G1-linear-match	500	svm_rbf_platt	100	0.11128534337646016	0.003814273464040876	0.002672554945372798	0.11777217178587383	1.3877787807814457e-17	0.0001202186713083731
G1-linear-match	500	hgbt	100	0.11128534337646016	8.773746172757443e-05	0.008687760051583133	0.12006084088977087	0.0	0.00018215864408263805
G2-irrelevant-dims	8	lda	100	0.11441717663835616	0.08198415244761542	0.07572852743480368	0.27212985652077526	0.0	0.005371705543317131
G2-irrelevant-dims	8	slda	100	0.11441717663835616	0.03316140047400201	0.17801868141998528	0.32559725853234345	0.0	0.007755140803254491
G2-irrelevant-dims	8	qda	0	nan	nan	nan	nan	nan	nan
G2-irrelevant-dims	8	logit_l2	100	0.11441717663835616	0.07342804388407206	0.07366275826967533	0.2615079787921035	0.0	0.0031653974380008608
G2-irrelevant-dims	8	svm_rbf_platt	100	0.11441717663835616	0.14478792373154592	0.0018822545945269718	0.26108735496442903	0.0	0.0008578927294859752
G2-irrelevant-dims	8	hgbt	100	0.11441717663835616	0.13558282336164384	0.0	0.25	0.0	0.0
G2-irrelevant-dims	12	lda	100	0.11441717663835616	0.048745880943251024	0.1332983528973029	0.29646141047891006	0.0	0.006162235396628484
G2-irrelevant-dims	12	slda	100	0.11441717663835616	0.015883686601618954	0.12094566208507321	0.2512465253250484	5.551115123125783e-17	0.004897875044787276
G2-irrelevant-dims	12	qda	0	nan	nan	nan	nan	nan	nan
G2-irrelevant-dims	12	logit_l2	100	0.11441717663835616	0.055726574189873285	0.07255491473128631	0.2426986655595157	5.551115123125783e-17	0.002275411483388788
G2-irrelevant-dims	12	svm_rbf_platt	100	0.11441717663835616	0.112371913293265	0.04088636461884847	0.26767545455046965	0.0	0.005542962168709817
G2-irrelevant-dims	12	hgbt	100	0.11441717663835616	0.01071979950004914	0.11005961603512739	0.23519659217353264	2.7755575615628914e-17	0.007329991600945894
G2-irrelevant-dims	20	lda	100	0.11441717663835616	0.06039340149939851	0.22661409840780894	0.40142467654556363	5.551115123125783e-17	0.007084910691032807
G2-irrelevant-dims	20	slda	100	0.11441717663835616	0.0063877202973245395	0.07417259266093865	0.19497748959661934	0.0	0.0034242916384020126
G2-irrelevant-dims	20	qda	0	nan	nan	nan	nan	nan	nan
G2-irrelevant-dims	20	logit_l2	100	0.11441717663835616	0.034855572323239756	0.06988966774832611	0.21916241670992206	2.7755575615628914e-17	0.002559856778256129
G2-irrelevant-dims	20	svm_rbf_platt	100	0.11441717663835616	0.10082593273708185	0.021071937309904955	0.2363150466853429	5.551115123125783e-17	0.0031859855159180077
G2-irrelevant-dims	20	hgbt	100	0.11441717663835616	0.0037060920135053785	0.10375408003125158	0.2218773486831131	2.7755575615628914e-17	0.00723883444282636
G2-irrelevant-dims	30	lda	100	0.11441717663835616	0.0190434229804212	0.15201410600857013	0.2854747056273475	5.551115123125783e-17	0.004622030027757572
G2-irrelevant-dims	30	slda	100	0.11441717663835616	0.00394777276317657	0.05098430356348689	0.16934925296501963	0.0	0.0027031018371981644
G2-irrelevant-dims	30	qda	0	nan	nan	nan	nan	nan	nan
G2-irrelevant-dims	30	logit_l2	100	0.11441717663835616	0.020933259750211673	0.061043141433962333	0.1963935778225302	2.7755575615628914e-17	0.002504497918207907
G2-irrelevant-dims	30	svm_rbf_platt	100	0.11441717663835616	0.06359421126507496	0.03309893730938985	0.21111032521282092	5.551115123125783e-17	0.0028729964353154534
G2-irrelevant-dims	30	hgbt	100	0.11441717663835616	0.0015696019931305352	0.08704598923305144	0.2030327678645381	2.7755575615628914e-17	0.004960686053421274
G2-irrelevant-dims	60	lda	100	0.11441717663835616	0.0033572409461960578	0.062107404442442185	0.17988182202699446	5.551115123125783e-17	0.0018598610944512508
G2-irrelevant-dims	60	slda	100	0.11441717663835616	0.001199259195613108	0.025414758573453836	0.14103119440742307	2.7755575615628914e-17	0.0013143398197820683
G2-irrelevant-dims	60	qda	100	0.11441717663835616	0.025406345545527516	0.1495954502427341	0.2894189724266178	5.551115123125783e-17	0.0023897073681284605
G2-irrelevant-dims	60	logit_l2	100	0.11441717663835616	0.007311427696851208	0.04261703834186166	0.164345642677069	2.7755575615628914e-17	0.0015331266643343383
G2-irrelevant-dims	60	svm_rbf_platt	100	0.11441717663835616	0.03326946402241281	0.028764302893567673	0.1764509435543366	5.551115123125783e-17	0.00121431618853524
G2-irrelevant-dims	60	hgbt	100	0.11441717663835616	0.0014614484337392751	0.056453848628588266	0.17233247370068366	2.7755575615628914e-17	0.0015593903356517491
G2-irrelevant-dims	120	lda	100	0.11441717663835616	0.0007544280986939668	0.02929800500715088	0.14446960974420098	2.7755575615628914e-17	0.001053253634838249
G2-irrelevant-dims	120	slda	100	0.11441717663835616	0.0004000765112043645	0.012390151735306817	0.12720740488486734	0.0	0.0005271823177511126
G2-irrelevant-dims	120	qda	100	0.11441717663835616	0.010500574196897228	0.08978498476569585	0.21470273560094924	0.0	0.0015941290434834873
G2-irrelevant-dims	120	logit_l2	100	0.11441717663835616	0.0020464803827474403	0.026324732476012896	0.1427883894971165	2.7755575615628914e-17	0.0011334119194208537
G2-irrelevant-dims	120	svm_rbf_platt	100	0.11441717663835616	0.014109623849372572	0.024357105309644824	0.15288390579737357	2.7755575615628914e-17	0.0008050768672606179
G2-irrelevant-dims	120	hgbt	100	0.11441717663835616	0.0010093033689428875	0.03682152705498491	0.15224800706228395	2.7755575615628914e-17	0.0008262236467476957
G2-irrelevant-dims	500	lda	100	0.11441717663835616	8.143855036244152e-05	0.006001925052927373	0.12050054024164598	1.3877787807814457e-17	0.00019017736830674334
G2-irrelevant-dims	500	slda	100	0.11441717663835616	4.921913462974739e-05	0.003086310648632823	0.11755270642161873	1.3877787807814457e-17	0.00011041811891900692
G2-irrelevant-dims	500	qda	100	0.11441717663835616	0.0013054227367469621	0.024565305690373705	0.1402879050654768	0.0	0.0003404631350328348
G2-irrelevant-dims	500	logit_l2	100	0.11441717663835616	0.00014929051362244037	0.0063814225769381625	0.12094788972891678	1.3877787807814457e-17	0.00019844452258471006
G2-irrelevant-dims	500	svm_rbf_platt	100	0.11441717663835616	0.00429922426441687	0.013384852117187282	0.1321012530199603	0.0	0.00027321345595863767
G2-irrelevant-dims	500	hgbt	100	0.11441717663835616	0.0001858146553159001	0.012513421247720088	0.12711641254139214	0.0	0.0002210243086352866
G3-unequal-cov	8	lda	100	0.1658365957533628	0.027319316471221107	0.06419948051519903	0.2573553927397829	0.0	0.005101125330279954
G3-unequal-cov	8	slda	100	0.1658365957533628	0.028831392849971132	0.0669442743516205	0.2616122629549544	5.551115123125783e-17	0.005837016671259065
G3-unequal-cov	8	qda	100	0.1658365957533628	0.009874278732349584	0.07775307365843184	0.25346394814414425	5.551115123125783e-17	0.005002420741000759
G3-unequal-cov	8	logit_l2	100	0.1658365957533628	0.039907458927427183	0.027387206031218803	0.23313126071200876	2.7755575615628914e-17	0.0036651678854050297
G3-unequal-cov	8	svm_rbf_platt	100	0.1658365957533628	0.07024697330499105	0.03185986366485234	0.26794343272320625	5.551115123125783e-17	0.00523259224957579
G3-unequal-cov	8	hgbt	100	0.1658365957533628	0.0841634042466372	0.0	0.25	0.0	0.0
G3-unequal-cov	12	lda	100	0.1658365957533628	0.029569451798453262	0.046671563362857056	0.24207761091467306	5.551115123125783e-17	0.0038441414765826368
G3-unequal-cov	12	slda	100	0.1658365957533628	0.03178159016596825	0.049883144513336385	0.2475013304326674	5.551115123125783e-17	0.00432127267556944
G3-unequal-cov	12	qda	100	0.1658365957533628	0.007185892631336241	0.056680276692305284	0.2297027650770043	2.7755575615628914e-17	0.0037300317168256214
G3-unequal-cov	12	logit_l2	100	0.1658365957533628	0.03812292722005619	0.02378042804307548	0.22773995101649444	2.7755575615628914e-17	0.002651556108301786
G3-unequal-cov	12	svm_rbf_platt	100	0.1658365957533628	0.053007786340572266	0.027365148628362555	0.24620953072229765	2.7755575615628914e-17	0.004267921601681738
G3-unequal-cov	12	hgbt	100	0.1658365957533628	0.04272222899379398	0.068541391350992	0.27710021609814883	5.551115123125783e-17	0.004373511790675822
G3-unequal-cov	20	lda	100	0.1658365957533628	0.030542425141454783	0.019692933017464408	0.21607195391228198	0.0	0.001508818961849912
G3-unequal-cov	20	slda	100	0.1658365957533628	0.03429355381892199	0.019027207130782937	0.21915735670306774	2.7755575615628914e-17	0.00174788099961483
G3-unequal-cov	20	qda	100	0.1658365957533628	0.0037353681840847793	0.027800036857295332	0.19737200079474287	5.551115123125783e-17	0.002469758550736988
G3-unequal-cov	20	logit_l2	100	0.1658365957533628	0.03439630815801402	0.012119593990276416	0.21235249790165325	0.0	0.0012248743254341062
G3-unequal-cov	20	svm_rbf_platt	100	0.1658365957533628	0.039968470582167265	0.02285769853938563	0.22866276487491569	0.0	0.003131777650386223
G3-unequal-cov	20	hgbt	100	0.1658365957533628	0.021044967800270268	0.09180463906052477	0.2786862026141579	5.551115123125783e-17	0.003390568975993032
G3-unequal-cov	30	lda	100	0.1658365957533628	0.03090385934323087	0.012839619902989869	0.20958007499958356	2.7755575615628914e-17	0.0011398114531543549
G3-unequal-cov	30	slda	100	0.1658365957533628	0.03350527312573027	0.012234761103592218	0.21157662998268528	0.0	0.0012691544046367089
G3-unequal-cov	30	qda	100	0.1658365957533628	0.002375555941367823	0.016733953475483752	0.1849461051702144	2.7755575615628914e-17	0.0012444405979614244
G3-unequal-cov	30	logit_l2	100	0.1658365957533628	0.033900159733500454	0.008760526693578677	0.20849728218044192	2.7755575615628914e-17	0.0010355121260667874
G3-unequal-cov	30	svm_rbf_platt	100	0.1658365957533628	0.03172211825314625	0.018643227485530534	0.21620194149203958	0.0	0.0024529525603052974
G3-unequal-cov	30	hgbt	100	0.1658365957533628	0.013744804369746455	0.10021724669959109	0.2797986468227004	5.551115123125783e-17	0.0029039356674662427
G3-unequal-cov	60	lda	100	0.1658365957533628	0.03152592025765407	0.006221268167052891	0.20358378417806974	2.7755575615628914e-17	0.00048506525540715817
G3-unequal-cov	60	slda	100	0.1658365957533628	0.0326270138782138	0.005940614556430293	0.20440422418800686	2.7755575615628914e-17	0.0005584761198813211
G3-unequal-cov	60	qda	100	0.1658365957533628	0.001838199122440671	0.007977883014855025	0.17565267789065842	8.326672684688674e-17	0.0005537007284338124
G3-unequal-cov	60	logit_l2	100	0.1658365957533628	0.032669476864263663	0.0049135371990805705	0.20341960981670706	2.7755575615628914e-17	0.0004729073612514907
G3-unequal-cov	60	svm_rbf_platt	100	0.1658365957533628	0.018803836000993016	0.015726030855128012	0.20036646260948388	5.551115123125783e-17	0.001000136840910552
G3-unequal-cov	60	hgbt	100	0.1658365957533628	0.009664278049061416	0.07085069163918817	0.24635156544161232	5.551115123125783e-17	0.0019753815701517826
G3-unequal-cov	120	lda	100	0.1658365957533628	0.031858295266442016	0.0036569768751365693	0.2013518678949414	0.0	0.00040006097940722355
G3-unequal-cov	120	slda	100	0.1658365957533628	0.03250270945249803	0.0032471604239189566	0.2015864656297798	2.7755575615628914e-17	0.00041472371189277995
G3-unequal-cov	120	qda	100	0.1658365957533628	0.0013883147350835416	0.004533972256367722	0.17175888274481405	2.7755575615628914e-17	0.00037495449894617804
G3-unequal-cov	120	logit_l2	100	0.1658365957533628	0.03224573148498076	0.0033140632332525144	0.20139639047159608	2.7755575615628914e-17	0.0003995490913691337
G3-unequal-cov	120	svm_rbf_platt	100	0.1658365957533628	0.011138224139277095	0.013364192068168612	0.19033901196080852	2.7755575615628914e-17	0.0007850655489760883
G3-unequal-cov	120	hgbt	100	0.1658365957533628	0.00694646140236907	0.04532602445128117	0.21810908160701303	0.0	0.001273431336491998
G3-unequal-cov	500	lda	100	0.1658365957533628	0.0319805432097188	0.0008586483002615344	0.19867578726334315	2.7755575615628914e-17	9.584497705949562e-05
G3-unequal-cov	500	slda	100	0.1658365957533628	0.032069594583545524	0.0007909892927164786	0.19869717962962483	2.7755575615628914e-17	9.324310671472796e-05
G3-unequal-cov	500	qda	100	0.1658365957533628	0.0014002009938272487	0.0010675130931957085	0.16830430984038575	2.7755575615628914e-17	9.204604161208664e-05
G3-unequal-cov	500	logit_l2	100	0.1658365957533628	0.03208189028077518	0.0008813834210949844	0.19879986945523298	2.7755575615628914e-17	9.245383117303395e-05
G3-unequal-cov	500	svm_rbf_platt	100	0.1658365957533628	0.0063752007677528085	0.005067219748045186	0.1772790162691608	0.0	0.0003249248680117416
G3-unequal-cov	500	hgbt	100	0.1658365957533628	0.002762944738177784	0.013281712700857554	0.18188125319239812	0.0	0.00030879762018697993
G4-xor	8	lda	100	0.03393636475920647	0.18312756025571106	0.07650993470711234	0.2935738597220298	5.551115123125783e-17	0.003563849535192503
G4-xor	8	slda	100	0.03393636475920647	0.1862745119511785	0.08859826754140925	0.3088091442517943	5.551115123125783e-17	0.003866388119896593
G4-xor	8	qda	100	0.03393636475920647	0.024883181207468887	0.06831415434680688	0.12713370031348223	0.0	0.008918725696886846
G4-xor	8	logit_l2	100	0.03393636475920647	0.2072144095493145	0.03718521949376803	0.27833599380228896	5.551115123125783e-17	0.0020145011374212126
G4-xor	8	svm_rbf_platt	100	0.03393636475920647	0.12441014649353116	0.031519295150429234	0.1898658064031669	2.7755575615628914e-17	0.007384629860635396
G4-xor	8	hgbt	100	0.03393636475920647	0.21606363524079353	0.0	0.25	0.0	0.0
G4-xor	12	lda	100	0.03393636475920647	0.206333962731787	0.041816958945803964	0.2820872864367974	0.0	0.003125250151728584
G4-xor	12	slda	100	0.03393636475920647	0.20488576576853904	0.052450843468692776	0.2912729739964383	5.551115123125783e-17	0.0036891451429243863
G4-xor	12	qda	100	0.03393636475920647	0.020382077787192553	0.03250450643190242	0.08682294897830144	1.3877787807814457e-17	0.005167049004429045
G4-xor	12	logit_l2	100	0.03393636475920647	0.21250463142104783	0.024636203954128775	0.2710772001343831	0.0	0.0018418049693588062
G4-xor	12	svm_rbf_platt	100	0.03393636475920647	0.04872531956601682	0.024791348743006293	0.10745303306822958	1.3877787807814457e-17	0.004417991100488484
G4-xor	12	hgbt	100	0.03393636475920647	0.2147022978532579	0.046043586905363615	0.294682249517828	5.551115123125783e-17	0.0031069139037408584
G4-xor	20	lda	100	0.03393636475920647	0.211603804419843	0.024937174567615294	0.27047734374666477	0.0	0.0017720167315759775
G4-xor	20	slda	100	0.03393636475920647	0.20965479213056848	0.031568347443848316	0.2751595043336233	5.551115123125783e-17	0.0020982276203644146
G4-xor	20	qda	100	0.03393636475920647	0.01810823336379975	0.01662547898089612	0.06867007710390233	1.3877787807814457e-17	0.0026139969888861097
G4-xor	20	logit_l2	100	0.03393636475920647	0.21344614184443075	0.018268898189616037	0.2656514047932533	0.0	0.0013013448865591766
G4-xor	20	svm_rbf_platt	100	0.03393636475920647	0.023449606047616516	0.020594701992202563	0.07798067279902555	0.0	0.002714516660946298
G4-xor	20	hgbt	100	0.03393636475920647	0.030726569684746068	0.08207445489637036	0.1467373893403229	0.0	0.005419768877002507
G4-xor	30	lda	100	0.03393636475920647	0.2134607881336262	0.02064883358342197	0.26804598647625466	0.0	0.0016801212103221817
G4-xor	30	slda	100	0.03393636475920647	0.21230060408062773	0.024298369767979264	0.2705353386078134	5.551115123125783e-17	0.001876111239176584
G4-xor	30	qda	100	0.03393636475920647	0.01811201622414798	0.010393536919662077	0.06244191790301652	6.938893903907228e-18	0.0013745175723391101
G4-xor	30	logit_l2	100	0.03393636475920647	0.2144176378950361	0.016268425184970348	0.2646224278392129	0.0	0.001306977702313411
G4-xor	30	svm_rbf_platt	100	0.03393636475920647	0.012445739606895994	0.012205980371211109	0.05858808473731356	1.3877787807814457e-17	0.001021013745039257
G4-xor	30	hgbt	100	0.03393636475920647	0.011640964907051429	0.07000822070583064	0.11558555037208851	2.7755575615628914e-17	0.005000695275799539
G4-xor	60	lda	100	0.03393636475920647	0.21556361541803515	0.008646705107630619	0.2581466852848722	0.0	0.0007325705351593283
G4-xor	60	slda	100	0.03393636475920647	0.21549713465424225	0.009325424727373108	0.25875892414082186	0.0	0.0007876296374779128
G4-xor	60	qda	100	0.03393636475920647	0.017631009686490232	0.004389021895457685	0.055956396341154374	1.3877787807814457e-17	0.0006696581836331622
G4-xor	60	logit_l2	100	0.03393636475920647	0.21563708446143803	0.007778788817818332	0.25735223803846285	0.0	0.0006474339710323811
G4-xor	60	svm_rbf_platt	100	0.03393636475920647	0.005067413572872405	0.0076258493349779174	0.046629627667056785	6.938893903907228e-18	0.0005411362378105127
G4-xor	60	hgbt	100	0.03393636475920647	0.006729911284592932	0.0464880995007288	0.0871543755445282	0.0	0.002588163400010646
G4-xor	120	lda	100	0.03393636475920647	0.2159786435580011	0.004381599809690406	0.254296608126898	5.551115123125783e-17	0.0003957266435793489
G4-xor	120	slda	100	0.03393636475920647	0.21597438475094743	0.004536056218411373	0.25444680572856526	0.0	0.0004093962490818049
G4-xor	120	qda	100	0.03393636475920647	0.017657435944980447	0.002052714718219599	0.05364651542240651	6.938893903907228e-18	0.0004204893200227926
G4-xor	120	logit_l2	100	0.03393636475920647	0.2159841514072823	0.004146357266953024	0.25406687343344175	5.551115123125783e-17	0.00036834973884872094
G4-xor	120	svm_rbf_platt	100	0.03393636475920647	0.002101767952255503	0.005939982363703772	0.041978115075165745	0.0	0.00042170282879759656
G4-xor	120	hgbt	100	0.03393636475920647	0.004498994566641981	0.028456768519126173	0.06689212784497461	1.3877787807814457e-17	0.0012925104319257345
G4-xor	500	lda	100	0.03393636475920647	0.2160715237560409	0.0009217045276115107	0.2509295930428589	0.0	9.330880038855679e-05
G4-xor	500	slda	100	0.03393636475920647	0.2160715054064853	0.0009291915624241149	0.2509370617281158	5.551115123125783e-17	9.401018283508223e-05
G4-xor	500	qda	100	0.03393636475920647	0.017387483928682206	0.00039219300011470283	0.051716041688003374	1.3877787807814457e-17	0.00015361859880672887
G4-xor	500	logit_l2	100	0.03393636475920647	0.21607162886027503	0.0009100345393453921	0.2509180281588269	0.0	9.198513639734132e-05
G4-xor	500	svm_rbf_platt	100	0.03393636475920647	0.000382288547195998	0.001982328342926289	0.036300981649328753	6.938893903907228e-18	0.00012764640945536198
G4-xor	500	hgbt	100	0.03393636475920647	0.004427469041343597	0.012537169640454166	0.05090100344100421	2.0816681711721685e-17	0.0010227608024000396
