family	rung	era	n_repeats	mean_gain	t	p_guard	bar1_guard_cleared	delta_n	rung_open	bar2_actionable
extratrees	8	modern-ml	10	0.026236	1.6159	0.5771	False	0.252	False	False
gnb	8	20c-stats	10	-0.001525	-0.0624	1.0	False	0.252	False	False
gpc_rbf	8	modern-ml	10	-0.007907	-0.4226	1.0	False	0.252	False	False
hgbt	8	modern-ml	10	-0.120795	-6.846	1.0	False	0.252	False	False
knn_tuned	8	20c-stats	10	0.046657	2.7507	0.1963	False	0.252	False	False
lda_platt	8	20c-stats	10	-0.063158	-5.9651	1.0	False	0.252	False	False
lda_shrinkage	8	20c-stats	10	0.071145	3.8753	0.0557	False	0.252	False	False
logit_area	8	20c-stats	10	0.062523	3.7235	0.0664	False	0.252	False	False
logit_l2	8	20c-stats	10	0.050321	3.0634	0.1348	False	0.252	False	False
mlp_small	8	modern-ml	10	0.062363	3.8014	0.0576	False	0.252	False	False
qda	8	20c-stats	10	0.07296	4.8101	0.0195	True	0.252	False	False
rf	8	modern-ml	10	0.040543	2.3855	0.2637	False	0.252	False	False
tabpfn	8	foundation	10	0.061713	3.6672	0.0703	False	0.252	False	False
tabpfn_e16	8	foundation	10	0.063254	3.7872	0.0596	False	0.252	False	False
vote_soft	8	modern-ml	10	0.002481	0.2051	0.9951	False	0.252	False	False
extratrees	12	modern-ml	10	-0.013723	-1.3786	1.0	False	0.147	False	False
gnb	12	20c-stats	10	-0.017467	-1.377	1.0	False	0.147	False	False
gpc_rbf	12	modern-ml	10	-0.027305	-3.2833	1.0	False	0.147	False	False
hgbt	12	modern-ml	10	-0.043256	-2.0044	1.0	False	0.147	False	False
knn_tuned	12	20c-stats	10	0.003414	0.3423	0.9863	False	0.147	False	False
lda_platt	12	20c-stats	10	-0.092134	-6.0127	1.0	False	0.147	False	False
lda_shrinkage	12	20c-stats	10	0.021452	2.4958	0.2402	False	0.147	False	False
logit_area	12	20c-stats	10	0.009746	1.0376	0.8408	False	0.147	False	False
logit_l2	12	20c-stats	10	-0.000435	-0.0459	1.0	False	0.147	False	False
mlp_small	12	modern-ml	10	0.006471	1.1319	0.8115	False	0.147	False	False
qda	12	20c-stats	10	0.022451	2.2795	0.3096	False	0.147	False	False
rf	12	modern-ml	10	0.000537	0.0544	1.0	False	0.147	False	False
svm_linear_platt	12	modern-ml	10	-0.008724	-1.1211	1.0	False	0.147	False	False
svm_rbf_platt	12	modern-ml	10	-0.015405	-1.6151	1.0	False	0.147	False	False
tabpfn	12	foundation	10	0.017382	2.5636	0.2334	False	0.147	False	False
tabpfn_e16	12	foundation	10	0.018407	2.6928	0.209	False	0.147	False	False
vote_soft	12	modern-ml	10	0.007272	0.7891	0.9219	False	0.147	False	False
extratrees	20	modern-ml	10	-0.035099	-5.7114	1.0	False	0.062	False	False
gnb	20	20c-stats	10	-0.043784	-6.1313	1.0	False	0.062	False	False
gpc_rbf	20	modern-ml	10	-0.046251	-6.922	1.0	False	0.062	False	False
hgbt	20	modern-ml	10	-0.046152	-6.4783	1.0	False	0.062	False	False
knn_tuned	20	20c-stats	10	-0.024775	-3.4312	1.0	False	0.062	False	False
lda_platt	20	20c-stats	10	-0.044621	-6.3983	1.0	False	0.062	False	False
lda_shrinkage	20	20c-stats	10	-0.007104	-1.4571	1.0	False	0.062	False	False
logit_area	20	20c-stats	10	-0.019767	-3.2516	1.0	False	0.062	False	False
logit_l2	20	20c-stats	10	-0.026724	-4.2569	1.0	False	0.062	False	False
mlp_small	20	modern-ml	10	-0.025952	-3.1806	1.0	False	0.062	False	False
qda	20	20c-stats	10	-0.010218	-1.7668	1.0	False	0.062	False	False
rf	20	modern-ml	10	-0.029671	-5.9108	1.0	False	0.062	False	False
stack_logit	20	modern-ml	10	-0.027365	-5.434	1.0	False	0.062	False	False
svm_linear_platt	20	modern-ml	10	-0.026481	-3.8495	1.0	False	0.062	False	False
svm_rbf_platt	20	modern-ml	10	-0.027841	-3.9392	1.0	False	0.062	False	False
tabpfn	20	foundation	10	-0.007815	-1.7087	1.0	False	0.062	False	False
tabpfn_e16	20	foundation	10	-0.007646	-1.62	1.0	False	0.062	False	False
vote_soft	20	modern-ml	10	-0.011182	-3.0954	1.0	False	0.062	False	False
extratrees	30	modern-ml	10	-0.032821	-10.6502	1.0	False	0.046	False	False
gnb	30	20c-stats	10	-0.042137	-12.8487	1.0	False	0.046	False	False
gpc_rbf	30	modern-ml	10	-0.038212	-9.9004	1.0	False	0.046	False	False
hgbt	30	modern-ml	10	-0.052178	-13.4156	1.0	False	0.046	False	False
hgbt_isotonic	30	modern-ml	10	-0.049369	-9.593	1.0	False	0.046	False	False
knn_tuned	30	20c-stats	10	-0.025767	-6.1736	1.0	False	0.046	False	False
lda_isotonic	30	20c-stats	10	-0.011591	-3.4471	1.0	False	0.046	False	False
lda_platt	30	20c-stats	10	-0.02111	-8.6538	1.0	False	0.046	False	False
lda_shrinkage	30	20c-stats	10	-0.00544	-2.4102	1.0	False	0.046	False	False
logit_area	30	20c-stats	10	-0.017528	-5.174	1.0	False	0.046	False	False
logit_l2	30	20c-stats	10	-0.022954	-6.5163	1.0	False	0.046	False	False
mlp_small	30	modern-ml	10	-0.032351	-5.2913	1.0	False	0.046	False	False
qda	30	20c-stats	10	-0.011082	-3.125	1.0	False	0.046	False	False
rf	30	modern-ml	10	-0.030001	-10.8288	1.0	False	0.046	False	False
rf_isotonic	30	modern-ml	10	-0.043185	-9.4984	1.0	False	0.046	False	False
stack_logit	30	modern-ml	10	-0.022736	-10.016	1.0	False	0.046	False	False
svm_linear_platt	30	modern-ml	10	-0.017887	-5.3231	1.0	False	0.046	False	False
svm_rbf_platt	30	modern-ml	10	-0.024923	-7.3262	1.0	False	0.046	False	False
tabpfn	30	foundation	10	-0.010095	-4.077	1.0	False	0.046	False	False
tabpfn_e16	30	foundation	10	-0.010621	-4.2711	1.0	False	0.046	False	False
vote_soft	30	modern-ml	10	-0.014439	-8.2755	1.0	False	0.046	False	False
extratrees	45	modern-ml	10	-0.03714	-23.3662	1.0	False	0.034	False	False
gnb	45	20c-stats	10	-0.044417	-15.8243	1.0	False	0.034	False	False
gpc_rbf	45	modern-ml	0		-inf	1.0	False	0.034	False	False
hgbt	45	modern-ml	10	-0.051788	-13.948	1.0	False	0.034	False	False
hgbt_isotonic	45	modern-ml	10	-0.050456	-14.7282	1.0	False	0.034	False	False
knn_tuned	45	20c-stats	10	-0.02473	-11.6901	1.0	False	0.034	False	False
lda_isotonic	45	20c-stats	10	-0.013575	-4.2322	1.0	False	0.034	False	False
lda_platt	45	20c-stats	10	-0.012986	-10.6519	1.0	False	0.034	False	False
lda_shrinkage	45	20c-stats	10	-0.003135	-1.9248	1.0	False	0.034	False	False
logit_area	45	20c-stats	10	-0.01597	-9.117	1.0	False	0.034	False	False
logit_l2	45	20c-stats	10	-0.02012	-11.6367	1.0	False	0.034	False	False
mlp_small	45	modern-ml	10	-0.028716	-6.3034	1.0	False	0.034	False	False
qda	45	20c-stats	10	-0.015413	-9.2735	1.0	False	0.034	False	False
rf	45	modern-ml	10	-0.032931	-18.3788	1.0	False	0.034	False	False
rf_isotonic	45	modern-ml	10	-0.041574	-13.9103	1.0	False	0.034	False	False
stack_logit	45	modern-ml	10	-0.02063	-12.904	1.0	False	0.034	False	False
svm_linear_platt	45	modern-ml	10	-0.010027	-6.3724	1.0	False	0.034	False	False
svm_rbf_platt	45	modern-ml	10	-0.019989	-10.0612	1.0	False	0.034	False	False
tabpfn	45	foundation	10	-0.007927	-4.917	1.0	False	0.034	False	False
tabpfn_e16	45	foundation	10	-0.008231	-4.8056	1.0	False	0.034	False	False
vote_soft	45	modern-ml	0		-inf	1.0	False	0.034	False	False
extratrees	60	modern-ml	10	-0.037144	-22.9773	1.0	False	0.032	False	False
gnb	60	20c-stats	10	-0.043065	-18.5603	1.0	False	0.032	False	False
gpc_rbf	60	modern-ml	0		-inf	1.0	False	0.032	False	False
hgbt	60	modern-ml	10	-0.057555	-12.3269	1.0	False	0.032	False	False
hgbt_isotonic	60	modern-ml	10	-0.049657	-11.8772	1.0	False	0.032	False	False
knn_tuned	60	20c-stats	10	-0.026925	-26.3983	1.0	False	0.032	False	False
lda_isotonic	60	20c-stats	10	-0.008993	-2.921	1.0	False	0.032	False	False
lda_platt	60	20c-stats	10	-0.008518	-6.6368	1.0	False	0.032	False	False
lda_shrinkage	60	20c-stats	10	-0.001411	-2.0332	1.0	False	0.032	False	False
logit_area	60	20c-stats	10	-0.013988	-10.6246	1.0	False	0.032	False	False
logit_l2	60	20c-stats	10	-0.01741	-13.3594	1.0	False	0.032	False	False
mlp_small	60	modern-ml	10	-0.028206	-7.2001	1.0	False	0.032	False	False
qda	60	20c-stats	10	-0.016743	-11.3442	1.0	False	0.032	False	False
rf	60	modern-ml	10	-0.034283	-19.5678	1.0	False	0.032	False	False
rf_isotonic	60	modern-ml	10	-0.043671	-10.741	1.0	False	0.032	False	False
stack_logit	60	modern-ml	10	-0.016992	-10.2946	1.0	False	0.032	False	False
svm_linear_platt	60	modern-ml	10	-0.006552	-4.396	1.0	False	0.032	False	False
svm_rbf_platt	60	modern-ml	10	-0.01644	-10.9224	1.0	False	0.032	False	False
tabpfn	60	foundation	10	-0.007199	-7.3396	1.0	False	0.032	False	False
tabpfn_e16	60	foundation	10	-0.007478	-8.2032	1.0	False	0.032	False	False
vote_soft	60	modern-ml	0		-inf	1.0	False	0.032	False	False
